date,amount,type,contra_account_name,message_for_recipient,ks,vs,ss,note
17.09.2021,-20000,Karetní transakce,"","Nákup: FACEBK LT94Z5FZ62,  4 Grand Canal Square, fb.me/ads, 2, IRL, dne 17.9.2021, částka  20000.00 CZK",,3344,,"Nákup: FACEBK LT94Z5FZ62,  4 Grand Canal Square, fb.me/ads, 2, IRL, dne 17.9.2021, částka  20000.00 CZK"
17.09.2021,-15000,Karetní transakce,"","Nákup: GOOGLE *SERVICES,  GORDON HOUSE., INTERNET, 0000000, IRL, dne 16.9.2021, částka  15000.00 CZK",,3344,,"Nákup: GOOGLE *SERVICES,  GORDON HOUSE., INTERNET, 0000000, IRL, dne 16.9.2021, částka  15000.00 CZK"
17.09.2021,-862.87,Karetní transakce,"","Nákup: SWITCHER ESSENTIALS,  1205 E Washington StSuite 117, LOUISVILLE, 40206, USA, dne 16.9.2021, částka  39.00 USD",,3344,,"Nákup: SWITCHER ESSENTIALS,  1205 E Washington StSuite 117, LOUISVILLE, 40206, USA, dne 16.9.2021, částka  39.00 USD"
17.09.2021,-20000,Karetní transakce,"","Nákup: FACEBK QER9Z9FAN2,  4 Grand Canal Square, fb.me/ads, 2, IRL, dne 16.9.2021, částka  20000.00 CZK",,3344,,"Nákup: FACEBK QER9Z9FAN2,  4 Grand Canal Square, fb.me/ads, 2, IRL, dne 16.9.2021, částka  20000.00 CZK"
16.09.2021,-289657,Bezhotovostní platba,"","Green Marketing s.r.o., produkce",308,2021061,100,"Green Marketing s.r.o., produkce"
16.09.2021,-3659,Platba převodem uvnitř banky,"","Tisk Sarpet Europe s.r.o., letáky",308,113314948,1400,"Tisk Sarpet Europe s.r.o., letáky"
16.09.2021,-9680,Platba převodem uvnitř banky,"","BBPress media s.r.o., reklama tisk",308,202101049,800,"BBPress media s.r.o., reklama tisk"
16.09.2021,-4682.7,Platba převodem uvnitř banky,"","Tomáš Pech, letáky",308,2021193,200,"Tomáš Pech, letáky"
16.09.2021,-2520,Bezhotovostní platba,"","Město Nový Jičín, zábor",308,9540000389,700,"Město Nový Jičín, zábor"
16.09.2021,-29747,Bezhotovostní platba,"","Pavel Choutka, tisk plachet",308,2021160,1200,"Pavel Choutka, tisk plachet"
16.09.2021,-750,Bezhotovostní platba,"","Thao Ngo, reklamní banner",308,20210920,1200,"Thao Ngo, reklamní banner"
16.09.2021,-976,Bezhotovostní platba,"","Věra Maříková, helium",308,221091239,400,"Věra Maříková, helium"
16.09.2021,-4936.8,Bezhotovostní platba,"","Služby města Pardubic a.s., výlep",308,714210079,900,"Služby města Pardubic a.s., výlep"
16.09.2021,-12000,Bezhotovostní platba,"","Manfred Koutný, grafické práce",308,308,1100,"Manfred Koutný, grafické práce"
16.09.2021,-144,Bezhotovostní platba,"","Město Žirovnice, výlep plakátů",308,2021400263,1300,"Město Žirovnice, výlep plakátů"
16.09.2021,-6050,Bezhotovostní platba,"","ZIKADO, s.r.o., reklama v časopise",308,21005931,800,"ZIKADO, s.r.o., reklama v časopise"
16.09.2021,-3183,Platba převodem uvnitř banky,"","Dachmedia s.r.o., výroba plachet",308,20210091,1400,"Dachmedia s.r.o., výroba plachet"
16.09.2021,-12000,Bezhotovostní platba,"","Vladimír Zlínský, hudba, ozvučení",308,422021,1400,"Vladimír Zlínský, hudba, ozvučení"
16.09.2021,-8470,Bezhotovostní platba,"","ČSAD BUS U. H., reklama autobusy",308,89010159,1400,"ČSAD BUS U. H., reklama autobusy"
16.09.2021,-4874,Bezhotovostní platba,"","Marie Pošarová, tisk letáků",308,113314822,1000,"Marie Pošarová, tisk letáků"
16.09.2021,-2965,Platba převodem uvnitř banky,"","Tisk liška s.r.o., plakáty",308,105412021,1200,"Tisk liška s.r.o., plakáty"
16.09.2021,-37130,Bezhotovostní platba,"","Jakub Hyrš, grafika, samolepky",308,202109002,1300,"Jakub Hyrš, grafika, samolepky"
16.09.2021,-9377,Bezhotovostní platba,"","RENGL, s.r.o., plakáty",308,10123018,1300,"RENGL, s.r.o., plakáty"
16.09.2021,-5995,Bezhotovostní platba,"","Přemysl Horák, plakáty",308,20210071,800,"Přemysl Horák, plakáty"
16.09.2021,-32998,Bezhotovostní platba,"","Přemysl Horák, plakáty",308,20210073,800,"Přemysl Horák, plakáty"
16.09.2021,-11889,Bezhotovostní platba,"","Přemysl Horák, vlaječky, mikiny",308,20210072,800,"Přemysl Horák, vlaječky, mikiny"
16.09.2021,-25000,Bezhotovostní platba,"","Ondřej Březina, digitální marketing",308,20210009,800,"Ondřej Březina, digitální marketing"
16.09.2021,7e+05,Platba převodem uvnitř banky,Svoboda a přímá demokracie (SPD),Převod prostředků z úvěrového účtu na volební účet SPD - volby do PS 2021,,,,Převod prostředků z úvěrového účtu na volební účet SPD - volby do PS 2021
16.09.2021,4e+05,Platba převodem uvnitř banky,Svoboda a přímá demokracie (SPD),Převod prostředků z transparentního účtu na volební účet SPD - volby do PS 2021,,,,Převod prostředků z transparentního účtu na volební účet SPD - volby do PS 2021
16.09.2021,-20000,Karetní transakce,"","Nákup: FACEBK NUN3R7KAN2,  4 Grand Canal Square, fb.me/ads, 2, IRL, dne 15.9.2021, částka  20000.00 CZK",,3344,,"Nákup: FACEBK NUN3R7KAN2,  4 Grand Canal Square, fb.me/ads, 2, IRL, dne 15.9.2021, částka  20000.00 CZK"
15.09.2021,-6000,Karetní transakce,"","Nákup: GOOGLE *SERVICES,  GORDON HOUSE., INTERNET, 0000000, IRL, dne 14.9.2021, částka  6000.00 CZK",,3344,,"Nákup: GOOGLE *SERVICES,  GORDON HOUSE., INTERNET, 0000000, IRL, dne 14.9.2021, částka  6000.00 CZK"
14.09.2021,-20000,Karetní transakce,"","Nákup: FACEBK QBQ2Q7KAN2,  4 Grand Canal Square, fb.me/ads, 2, IRL, dne 14.9.2021, částka  20000.00 CZK",,3344,,"Nákup: FACEBK QBQ2Q7KAN2,  4 Grand Canal Square, fb.me/ads, 2, IRL, dne 14.9.2021, částka  20000.00 CZK"
13.09.2021,-2044,Bezhotovostní platba,"","SMARTZ BALOONS s.r.o., balóky",308,2170000123,800,"SMARTZ BALOONS s.r.o., balóky"
13.09.2021,-58165,Bezhotovostní platba,"","Dopr. spol. Zlín-Otr., polepy bus",308,92021043,1400,"Dopr. spol. Zlín-Otr., polepy bus"
13.09.2021,-22990,Bezhotovostní platba,"","Matchball s.r.o., mobilboardy",308,412363,1400,"Matchball s.r.o., mobilboardy"
13.09.2021,-600,Bezhotovostní platba,"","Město Horní Slavkov, výlep plakátů",308,12100049,400,"Město Horní Slavkov, výlep plakátů"
13.09.2021,-23595,Bezhotovostní platba,"","JIPRINT, s.r.o., letáky, plakáty",308,2210793,1300,"JIPRINT, s.r.o., letáky, plakáty"
13.09.2021,-31581,Bezhotovostní platba,"","Petr Zakopal, propagace",308,2021140,800,"Petr Zakopal, propagace"
13.09.2021,-10890,Bezhotovostní platba,"","ČSAD Frýdek-Místek, rekl. plochy",308,2009210148,700,"ČSAD Frýdek-Místek, rekl. plochy"
13.09.2021,-10890,Bezhotovostní platba,"","A.B. TITAN s.r.o., rekl. plochy",308,2021031001,700,"A.B. TITAN s.r.o., rekl. plochy"
13.09.2021,-5000,Bezhotovostní platba,"","Bohumil Eichler, fotografování",308,210901,1200,"Bohumil Eichler, fotografování"
13.09.2021,-2050.2,Platba převodem uvnitř banky,"","Oldřich Černý, phm",308,3061,1100,"Oldřich Černý, phm"
13.09.2021,-465,Bezhotovostní platba,"","Petr Jedinák, výlep plakátů",308,216,1100,"Petr Jedinák, výlep plakátů"
13.09.2021,-387,Bezhotovostní platba,"","Jiří Novotný, výlep plakátů",308,5604977,1100,"Jiří Novotný, výlep plakátů"
13.09.2021,-1851,Bezhotovostní platba,"","Robert Nedvěd, phm rozvozy plakátů",308,72021,1100,"Robert Nedvěd, phm rozvozy plakátů"
13.09.2021,-5445,Bezhotovostní platba,"","Robert Nedvěd, tisk samolepek",308,300721,1100,"Robert Nedvěd, tisk samolepek"
13.09.2021,-429,Bezhotovostní platba,"","Stanislav Priatka, výlep plakátů",308,92021,1100,"Stanislav Priatka, výlep plakátů"
13.09.2021,-1425,Bezhotovostní platba,"","Miroslav Křeček, tisk letáčků A6",308,210100341,1100,"Miroslav Křeček, tisk letáčků A6"
13.09.2021,-651,Bezhotovostní platba,"","Ivo Domkář, sešívačka, sponky",308,6212021616,1300,"Ivo Domkář, sešívačka, sponky"
13.09.2021,-13703,Bezhotovostní platba,"","RENGL, s.r.o., výlep plakátů",308,10122912,1300,"RENGL, s.r.o., výlep plakátů"
13.09.2021,-36300,Bezhotovostní platba,"","W & P EURONOVA s.r.o., billboardy",308,21210508,400,"W & P EURONOVA s.r.o., billboardy"
13.09.2021,-13310,Bezhotovostní platba,"","W & P EURONOVA s.r.o., polepy bus",308,21190254,400,"W & P EURONOVA s.r.o., polepy bus"
13.09.2021,-21780,Bezhotovostní platba,"","W & P EURONOVA s.r.o., billboardy",308,21210494,400,"W & P EURONOVA s.r.o., billboardy"
13.09.2021,-40535,Bezhotovostní platba,"","W & P EURONOVA s.r.o, billboardy",308,21210518,400,"W & P EURONOVA s.r.o, billboardy"
13.09.2021,-14000,Bezhotovostní platba,"","Filip Mruzek, propagace FB kampaň",308,20210026,100,"Filip Mruzek, propagace FB kampaň"
13.09.2021,2e+05,Platba převodem uvnitř banky,Svoboda a přímá demokracie (SPD),Převod prostředků z úvěrového účtu na volební účet SPD - volby do PS 2021,,,,Převod prostředků z úvěrového účtu na volební účet SPD - volby do PS 2021
13.09.2021,-20000,Karetní transakce,"","Nákup: FACEBK 9CFYV9FAN2,  4 Grand Canal Square, fb.me/ads, 2, IRL, dne 12.9.2021, částka  20000.00 CZK",,3344,,"Nákup: FACEBK 9CFYV9FAN2,  4 Grand Canal Square, fb.me/ads, 2, IRL, dne 12.9.2021, částka  20000.00 CZK"
13.09.2021,-20000,Karetní transakce,"","Nákup: FACEBK LAY7E9TAN2,  4 Grand Canal Square, fb.me/ads, 2, IRL, dne 11.9.2021, částka  20000.00 CZK",,3344,,"Nákup: FACEBK LAY7E9TAN2,  4 Grand Canal Square, fb.me/ads, 2, IRL, dne 11.9.2021, částka  20000.00 CZK"
11.09.2021,-20000,Karetní transakce,"","Nákup: FACEBK 4CPSN87AN2,  4 Grand Canal Square, fb.me/ads, 2, IRL, dne 10.9.2021, částka  20000.00 CZK",,3344,,"Nákup: FACEBK 4CPSN87AN2,  4 Grand Canal Square, fb.me/ads, 2, IRL, dne 10.9.2021, částka  20000.00 CZK"
10.09.2021,-413820,Bezhotovostní platba,"","Green Marketing s.r.o., produkční práce",,2021054,100,"Green Marketing s.r.o., produkční práce"
10.09.2021,3e+05,Platba převodem uvnitř banky,Svoboda a přímá demokracie (SPD),Převod prostředků z úvěrového účtu na volební účet SPD - volby do PS 2021,,,,Převod prostředků z úvěrového účtu na volební účet SPD - volby do PS 2021
10.09.2021,-26016.38,Karetní transakce,"","Nákup: FACEBK RAGKU7PAN2,  4 Grand Canal Square, fb.me/ads, 2, IRL, dne 10.9.2021, částka  26016.38 CZK",,3344,,"Nákup: FACEBK RAGKU7PAN2,  4 Grand Canal Square, fb.me/ads, 2, IRL, dne 10.9.2021, částka  26016.38 CZK"
10.09.2021,-1500,Karetní transakce,"","Nákup: GOOGLE *SERVICES,  GORDON HOUSE., INTERNET, 0000000, IRL, dne 9.9.2021, částka  1500.00 CZK",,3344,,"Nákup: GOOGLE *SERVICES,  GORDON HOUSE., INTERNET, 0000000, IRL, dne 9.9.2021, částka  1500.00 CZK"
09.09.2021,-31557.2,Karetní transakce,"","Nákup: FACEBK A5VKM87AN2,  4 Grand Canal Square, fb.me/ads, 2, IRL, dne 9.9.2021, částka  31557.20 CZK",,3344,,"Nákup: FACEBK A5VKM87AN2,  4 Grand Canal Square, fb.me/ads, 2, IRL, dne 9.9.2021, částka  31557.20 CZK"
09.09.2021,-1136.24,Karetní transakce,"","Nákup: GOOGLE *ADS6478612600,  Gordon House, Barrow Street, cc@google.com, UNKNOWN, IRL, dne 9.9.2021, částka  1136.24 CZK",,3344,,"Nákup: GOOGLE *ADS6478612600,  Gordon House, Barrow Street, cc@google.com, UNKNOWN, IRL, dne 9.9.2021, částka  1136.24 CZK"
09.09.2021,260,Bezhotovostní příjem,Účet neexistuje.,Vratka ze zrušeného účtu.č.000000-0143526093,6,9331,1300,Účet neexistuje.
08.09.2021,-30764,Bezhotovostní platba,"","Filip Martínek, polep auta",308,2021366,300,"Filip Martínek, polep auta"
08.09.2021,-49741,Bezhotovostní platba,"","RENGL, s.r.o., tisk a výlep plakátů",308,10122543,500,"RENGL, s.r.o., tisk a výlep plakátů"
08.09.2021,-18150,Bezhotovostní platba,"","MCU KOLOSEUM, o.p.s., rekl. plocha",308,2106343,600,"MCU KOLOSEUM, o.p.s., rekl. plocha"
08.09.2021,-2638,Platba převodem uvnitř banky,"","1. Dejvická spol. s r.o., bannery",308,171507,1200,"1. Dejvická spol. s r.o., bannery"
08.09.2021,-32428,Bezhotovostní platba,"","Pavel Choutka, pronájem rekl. ploch",308,2021139,1200,"Pavel Choutka, pronájem rekl. ploch"
08.09.2021,-3000,Bezhotovostní platba,"","Miluše Bauerová, umístění banneru",308,7041979,1200,"Miluše Bauerová, umístění banneru"
08.09.2021,-2873,Bezhotovostní platba,"","Věra Maříková, plakáty A2",308,113314785,400,"Věra Maříková, plakáty A2"
08.09.2021,-2000,Bezhotovostní platba,"","Ivan Hejtmánek, reklamní plocha",308,174,1400,"Ivan Hejtmánek, reklamní plocha"
08.09.2021,-148225,Bezhotovostní platba,"",Mediální školení,308,21210052,100,Mediální školení
08.09.2021,-11737,Bezhotovostní platba,"","Jiří Marek,petiční stánek s polepem",308,2021109,200,"Jiří Marek,petiční stánek s polepem"
08.09.2021,-3800,Bezhotovostní platba,"","Manfred Koutný,návrh plakát,bannery",308,1092021,200,"Manfred Koutný,návrh plakát,bannery"
08.09.2021,-21510.17,Platba převodem uvnitř banky,"","Tomáš Pech, tašky, plachty, letáky",308,2021184,200,"Tomáš Pech, tašky, plachty, letáky"
08.09.2021,-4000,Bezhotovostní platba,"","Manfred Koutný, grafika, billoboard",308,192021,200,"Manfred Koutný, grafika, billoboard"
08.09.2021,-36300,Bezhotovostní platba,"","CZECH REKLAMA s.r.o., billboardy",308,20210253,200,"CZECH REKLAMA s.r.o., billboardy"
08.09.2021,-398828.1,Bezhotovostní platba,"","Green Marketing, s.r.o. produkce",308,2021053,100,"Green Marketing, s.r.o. produkce"
08.09.2021,-7805,Platba převodem uvnitř banky,"","Tisk Sarpet Europe s.r.o., magnetky",308,113314862,1400,"Tisk Sarpet Europe s.r.o., magnetky"
08.09.2021,-7260,Bezhotovostní platba,"","BigMedia, spol. s r.o., plakáty",308,4212101844,1400,"BigMedia, spol. s r.o., plakáty"
08.09.2021,-30250,Bezhotovostní platba,"","Matchball s.r.o., polep bus",308,412545,1400,"Matchball s.r.o., polep bus"
08.09.2021,-7260,Bezhotovostní platba,"","Věra Kocourková, billboard",308,21074,800,"Věra Kocourková, billboard"
08.09.2021,-7160,Bezhotovostní platba,"","Přemysl Horák, polepy",308,20210070,800,"Přemysl Horák, polepy"
08.09.2021,-9680,Bezhotovostní platba,"","Haná Press, s.r.o., inzerce v tisku",308,211801142,800,"Haná Press, s.r.o., inzerce v tisku"
08.09.2021,-545,Bezhotovostní platba,"","TESMA Jaroměřice s.r.o., výlep",308,2021200215,1300,"TESMA Jaroměřice s.r.o., výlep"
08.09.2021,-35348,Platba převodem uvnitř banky,"","HAVCOM Gastro s.r.o., billboardy",308,202110,300,"HAVCOM Gastro s.r.o., billboardy"
08.09.2021,-2099,Bezhotovostní platba,"","Marie Pošarová, polepy na auta",308,113314708,1000,"Marie Pošarová, polepy na auta"
08.09.2021,-33529,Bezhotovostní platba,"","PAROLA,spol. s r.o.,inzerce v tisku",308,102688,1300,"PAROLA,spol. s r.o.,inzerce v tisku"
08.09.2021,-1000,Bezhotovostní platba,"","TJ Slovan Blatnice, z.s., pronájem",308,121003,1000,"TJ Slovan Blatnice, z.s., pronájem"
08.09.2021,-3550,Bezhotovostní platba,"","Marie Pošarová, lepidla ve spreji",308,1245,1000,"Marie Pošarová, lepidla ve spreji"
08.09.2021,-44500,Bezhotovostní platba,"","Marie Pošarová, bannery, polepy",308,2021531,1000,"Marie Pošarová, bannery, polepy"
08.09.2021,-2178.5,Bezhotovostní platba,"","P. Jehlík, phm",308,228,1000,"P. Jehlík, phm"
08.09.2021,-500,Platba převodem uvnitř banky,"","Pavlína Vaněrková, pronájem banneru",308,13821,1000,"Pavlína Vaněrková, pronájem banneru"
08.09.2021,-500,Platba převodem uvnitř banky,"","Pavlína Vaněrková, pronájem banneru",308,26721,1000,"Pavlína Vaněrková, pronájem banneru"
08.09.2021,-208,Platba převodem uvnitř banky,"","Pavlína Vaněrková, poštovné",308,231231,1000,"Pavlína Vaněrková, poštovné"
08.09.2021,-936,Platba převodem uvnitř banky,"","Pavlína Vaněrková, poštovné",308,1219,1000,"Pavlína Vaněrková, poštovné"
08.09.2021,-156,Platba převodem uvnitř banky,"","Pavlína Vaněrková, poštovné",308,231,1000,"Pavlína Vaněrková, poštovné"
08.09.2021,-2697.09,Platba převodem uvnitř banky,"","PRINT-SHOP.cz, s.r.o., polepy",308,210886,900,"PRINT-SHOP.cz, s.r.o., polepy"
08.09.2021,-260,Bezhotovostní platba,"","David Mészáros, sponky",308,9331,1300,"David Mészáros, sponky"
08.09.2021,-1510,Bezhotovostní platba,"","Kultur. a spol. stř. Chodov, výlep",308,141,400,"Kultur. a spol. stř. Chodov, výlep"
08.09.2021,-2000,Bezhotovostní platba,"","Radovan Vích, phm výlep plakátů",308,1322109018,600,"Radovan Vích, phm výlep plakátů"
08.09.2021,-3778.72,Bezhotovostní platba,"","Radovan Vích, reklama FB",308,6230918677,600,"Radovan Vích, reklama FB"
08.09.2021,-720,Bezhotovostní platba,"","Novoměstská kulturní zařízení,výlep",308,2021050,1300,"Novoměstská kulturní zařízení,výlep"
08.09.2021,-4581,Bezhotovostní platba,"","Ing. Jiří Pokorný, inzerát v tisku",308,2992021,1300,"Ing. Jiří Pokorný, inzerát v tisku"
08.09.2021,-2420,Bezhotovostní platba,"","W & P EURONOVA s.r.o., polep MHD",308,21230206,400,"W & P EURONOVA s.r.o., polep MHD"
08.09.2021,-3491,Bezhotovostní platba,"","Jaroslav Dvořák, tisk horizonty",308,113314863,1400,"Jaroslav Dvořák, tisk horizonty"
08.09.2021,-3630,Bezhotovostní platba,"","KAMELOT production s.r.o., reklama",308,202100467,400,"KAMELOT production s.r.o., reklama"
08.09.2021,-7586.7,Bezhotovostní platba,"","W & P EURONOVA s.r.o., rekl. plochy",308,21190258,400,"W & P EURONOVA s.r.o., rekl. plochy"
08.09.2021,-14520,Bezhotovostní platba,"","YASHICA s.r.o., billboardy",308,30221801,1300,"YASHICA s.r.o., billboardy"
08.09.2021,-20000,Bezhotovostní platba,"","Ondřej Březina, výkonost. marketing",308,20210010,100,"Ondřej Březina, výkonost. marketing"
08.09.2021,-40000,Platba převodem uvnitř banky,"","SP-Solutions s.r.o., bezpeč. služby",308,2021020,100,"SP-Solutions s.r.o., bezpeč. služby"
08.09.2021,-10406,Bezhotovostní platba,"","ČSAD Havířov a.s., rekl. plochy MHD",308,7101210110,700,"ČSAD Havířov a.s., rekl. plochy MHD"
08.09.2021,-1098,Bezhotovostní platba,"","Info centrum a Klub kultury, výlep",308,5821,1300,"Info centrum a Klub kultury, výlep"
08.09.2021,-2795,Bezhotovostní platba,"","Město Nejdek, výlep plakátů",308,32100031,400,"Město Nejdek, výlep plakátů"
08.09.2021,-104786,Bezhotovostní platba,"","DP města H.K., a.s., reklama na MHD",308,10041321,500,"DP města H.K., a.s., reklama na MHD"
08.09.2021,-22421.5,Bezhotovostní platba,"","PULARY, s.r.o., polepy, PPC kampaň",308,40821,700,"PULARY, s.r.o., polepy, PPC kampaň"
08.09.2021,-1295022.1,Bezhotovostní platba,"","RAILREKLAM, s r.o., rekl. plochy",308,2100086,100,"RAILREKLAM, s r.o., rekl. plochy"
08.09.2021,3e+06,Platba převodem uvnitř banky,Svoboda a přímá demokracie (SPD),Převod prostředků z úvěrového účtu na volební účet SPD - volby do PS 2021,,,,Převod prostředků z úvěrového účtu na volební účet SPD - volby do PS 2021
08.09.2021,-20000,Karetní transakce,"","Nákup: FACEBK QMBM38T9N2,  4 Grand Canal Square, fb.me/ads, 2, IRL, dne 7.9.2021, částka  20000.00 CZK",,3344,,"Nákup: FACEBK QMBM38T9N2,  4 Grand Canal Square, fb.me/ads, 2, IRL, dne 7.9.2021, částka  20000.00 CZK"
06.09.2021,-20000,Karetní transakce,"","Nákup: FACEBK 6P53K87AN2,  4 Grand Canal Square, fb.me/ads, 2, IRL, dne 6.9.2021, částka  20000.00 CZK",,3344,,"Nákup: FACEBK 6P53K87AN2,  4 Grand Canal Square, fb.me/ads, 2, IRL, dne 6.9.2021, částka  20000.00 CZK"
06.09.2021,-20000,Karetní transakce,"","Nákup: FACEBK XSTEG5XZ62,  4 Grand Canal Square, fb.me/ads, 2, IRL, dne 5.9.2021, částka  20000.00 CZK",,3344,,"Nákup: FACEBK XSTEG5XZ62,  4 Grand Canal Square, fb.me/ads, 2, IRL, dne 5.9.2021, částka  20000.00 CZK"
06.09.2021,-4240,Bezhotovostní platba,"","Rekl. agent. Slánsko s.r.o., tabule",308,20210043,1100,"Rekl. agent. Slánsko s.r.o., tabule"
06.09.2021,-329.12,Bezhotovostní platba,"","TS města Toužim, p. o., plakáty",308,2021369,400,"TS města Toužim, p. o., plakáty"
06.09.2021,-1500,Bezhotovostní platba,"","Jaroslav Holík, phm výlepy",308,1090,1400,"Jaroslav Holík, phm výlepy"
06.09.2021,-10420.52,Bezhotovostní platba,"","Inpublic group s.r.o., spoty v MHD",308,210800005,600,"Inpublic group s.r.o., spoty v MHD"
06.09.2021,-3790.93,Platba převodem uvnitř banky,"","Lenka Malcharová, letáky",308,3941,1100,"Lenka Malcharová, letáky"
06.09.2021,-1706.1,Bezhotovostní platba,"","Město Rokycany, výlep plakátů",308,22100518,1000,"Město Rokycany, výlep plakátů"
06.09.2021,-75020,Bezhotovostní platba,"","Reklamní servis RS, s.r.o., plakáty",308,2021278,900,"Reklamní servis RS, s.r.o., plakáty"
06.09.2021,-1548.8,Bezhotovostní platba,"","MKS Beseda, p.o., výlep plakátů",308,210100141,1300,"MKS Beseda, p.o., výlep plakátů"
06.09.2021,-60500,Bezhotovostní platba,"","Roman Sigmund, předvolební debata",308,532021,1200,"Roman Sigmund, předvolební debata"
06.09.2021,-20570,Bezhotovostní platba,"","Haná Press, s.r.o., inzerce v tisku",308,211800989,800,"Haná Press, s.r.o., inzerce v tisku"
06.09.2021,70000,Platba převodem uvnitř banky,Svoboda a přímá demokracie (SPD),Převod prostředků z transparentního účtu na volební účet SPD - volby do PS 2021,,,,Převod prostředků z transparentního účtu na volební účet SPD - volby do PS 2021
04.09.2021,-20000,Karetní transakce,"","Nákup: FACEBK 4JV849X9N2,  4 Grand Canal Square, fb.me/ads, 2, IRL, dne 3.9.2021, částka  20000.00 CZK",,3344,,"Nákup: FACEBK 4JV849X9N2,  4 Grand Canal Square, fb.me/ads, 2, IRL, dne 3.9.2021, částka  20000.00 CZK"
02.09.2021,-6970,Platba převodem uvnitř banky,"","Tisk Sarpet s.r.o., samolepky",308,113314819,1100,"Tisk Sarpet s.r.o., samolepky"
02.09.2021,-40009,Platba převodem uvnitř banky,"","Tisk Sarpet s.r.o., bannery",308,113314813,1100,"Tisk Sarpet s.r.o., bannery"
02.09.2021,-3916,Bezhotovostní platba,"","RENGL, s.r.o., pronájem rekl. ploch",308,1022794,600,"RENGL, s.r.o., pronájem rekl. ploch"
02.09.2021,-2538,Platba převodem uvnitř banky,"","Tisk Sarpet s.r.o., letáky",308,113314801,1400,"Tisk Sarpet s.r.o., letáky"
02.09.2021,-2148,Platba převodem uvnitř banky,"","Tisk Sarpet s.r.o., letáky",308,113314764,1400,"Tisk Sarpet s.r.o., letáky"
02.09.2021,-4540,Platba převodem uvnitř banky,"","Tisk Sarpet s.r.o., bannery",308,113314765,1400,"Tisk Sarpet s.r.o., bannery"
02.09.2021,-2148,Platba převodem uvnitř banky,"","Tisk Sarpet s.r.o., bannery",308,113314763,1400,"Tisk Sarpet s.r.o., bannery"
02.09.2021,-5939,Bezhotovostní platba,"","Věra Maříková, samolepky",308,113314831,400,"Věra Maříková, samolepky"
02.09.2021,-4200,Bezhotovostní platba,"","Věra Maříková, letáky A5",308,113314854,400,"Věra Maříková, letáky A5"
02.09.2021,-2205,Bezhotovostní platba,"","Věra Maříková, letáky A5",308,113314799,400,"Věra Maříková, letáky A5"
02.09.2021,-4193,Bezhotovostní platba,"","Věra Maříková, bannery",308,113314795,400,"Věra Maříková, bannery"
02.09.2021,-9673.95,Bezhotovostní platba,"","VLTAVA LABE MEDIA a.s., inzerce",308,2117019115,800,"VLTAVA LABE MEDIA a.s., inzerce"
02.09.2021,-35802,Bezhotovostní platba,"","Jakub Hyrš,plachty, magnety, polepy",308,202108010,1300,"Jakub Hyrš,plachty, magnety, polepy"
02.09.2021,-3071,Bezhotovostní platba,"","Libor Křenek, phm výlep",308,3491210728,600,"Libor Křenek, phm výlep"
02.09.2021,-3959,Platba převodem uvnitř banky,"","Oldřich Černý, phm rozvoz po STČ",308,252021,1100,"Oldřich Černý, phm rozvoz po STČ"
02.09.2021,-3000,Bezhotovostní platba,"","Zdeněk Svoboda, výlep plakátů",308,212021,1400,"Zdeněk Svoboda, výlep plakátů"
02.09.2021,-450,Bezhotovostní platba,"","Monika Uhříčková, phm výlep",308,236811,1400,"Monika Uhříčková, phm výlep"
02.09.2021,-3000,Bezhotovostní platba,"","Josef Křížka, hudební produkce",308,21474,1400,"Josef Křížka, hudební produkce"
02.09.2021,-112,Bezhotovostní platba,"","Stanislav Skála, sponkovačka",308,3433200010,1400,"Stanislav Skála, sponkovačka"
02.09.2021,-7000,Bezhotovostní platba,"","Milan Šindel, pronájem rekl. plochy",308,59,1400,"Milan Šindel, pronájem rekl. plochy"
02.09.2021,-1280,Bezhotovostní platba,"","Rekl. agent. Slánsko s.r.o., tabule",308,20210035,1100,"Rekl. agent. Slánsko s.r.o., tabule"
02.09.2021,-56519.1,Bezhotovostní platba,"","PhDr. Romana Kuželová, Ph.D.,polepy",308,20210291,600,"PhDr. Romana Kuželová, Ph.D.,polepy"
02.09.2021,-42187,Platba převodem uvnitř banky,"","GRAMALI s.r.o., letáky, grafika",308,2108024,600,"GRAMALI s.r.o., letáky, grafika"
02.09.2021,-23975,Bezhotovostní platba,"","RENGL, s.r.o., plakáty",308,10122408,500,"RENGL, s.r.o., plakáty"
02.09.2021,-38693.38,Platba převodem uvnitř banky,"","Lenka Malcharová, plakáty",308,3940,1100,"Lenka Malcharová, plakáty"
02.09.2021,-8095,Platba převodem uvnitř banky,"","1. Dejvická spol. s r.o., bannery",308,170033,1200,"1. Dejvická spol. s r.o., bannery"
02.09.2021,-5022,Platba převodem uvnitř banky,"","1. Dejvická spol. s r.o.,billboardy",308,170041,1200,"1. Dejvická spol. s r.o.,billboardy"
02.09.2021,-20000,Platba převodem uvnitř banky,"","KROZBY s.r.o., občerstvení, hudba",308,21011,1200,"KROZBY s.r.o., občerstvení, hudba"
02.09.2021,-10854,Bezhotovostní platba,"","Daniel Maděra, LED reklam. panel",308,210100038,600,"Daniel Maděra, LED reklam. panel"
02.09.2021,-113740,Bezhotovostní platba,"","Green Marketing s.r.o., tašky logo",308,2021045,100,"Green Marketing s.r.o., tašky logo"
02.09.2021,-11408.12,Bezhotovostní platba,"","Olmer ad, s.r.o., helium do balónků",308,210136,100,"Olmer ad, s.r.o., helium do balónků"
02.09.2021,250000,Platba převodem uvnitř banky,Svoboda a přímá demokracie (SPD),Převod prostředků z transparentního účtu na volební účet SPD - volby do PS 2021,,,,Převod prostředků z transparentního účtu na volební účet SPD - volby do PS 2021
02.09.2021,-20000,Karetní transakce,"","Nákup: FACEBK *BF9A573AN2,  Havover Reach, 5-7 Hanover Qua, fb.me/ads, DUBLIN 2, IRL, dne 2.9.2021, částka  20000.00 CZK",,3344,,"Nákup: FACEBK *BF9A573AN2,  Havover Reach, 5-7 Hanover Qua, fb.me/ads, DUBLIN 2, IRL, dne 2.9.2021, částka  20000.00 CZK"
01.09.2021,-20000,Karetní transakce,"","Nákup: FACEBK *F62UD87AN2,  Havover Reach, 5-7 Hanover Qua, fb.me/ads, DUBLIN 2, IRL, dne 31.8.2021, částka  20000.00 CZK",,3344,,"Nákup: FACEBK *F62UD87AN2,  Havover Reach, 5-7 Hanover Qua, fb.me/ads, DUBLIN 2, IRL, dne 31.8.2021, částka  20000.00 CZK"
30.08.2021,-20000,Karetní transakce,"","Nákup: FACEBK *NNWEA7KAN2,  Havover Reach, 5-7 Hanover Qua, fb.me/ads, DUBLIN 2, IRL, dne 29.8.2021, částka  20000.00 CZK",,3344,,"Nákup: FACEBK *NNWEA7KAN2,  Havover Reach, 5-7 Hanover Qua, fb.me/ads, DUBLIN 2, IRL, dne 29.8.2021, částka  20000.00 CZK"
27.08.2021,-10140,Bezhotovostní platba,"","Print Promotion, prezentační stolek",308,1120210042,500,"Print Promotion, prezentační stolek"
27.08.2021,-26620,Bezhotovostní platba,"","RAILREKLAM, spol. s r.o., reklama",308,2100089,800,"RAILREKLAM, spol. s r.o., reklama"
27.08.2021,-63451.61,Bezhotovostní platba,"","RAILREKLAM, spol. s r.o., plakáty",308,2100088,800,"RAILREKLAM, spol. s r.o., plakáty"
27.08.2021,-20431,Platba převodem uvnitř banky,"","Tisk Sarpet s.r.o., bannery",308,113314713,1100,"Tisk Sarpet s.r.o., bannery"
27.08.2021,-2420,Platba převodem uvnitř banky,"","Otto Vaněk, pronájem rekl. plochy",308,21163,700,"Otto Vaněk, pronájem rekl. plochy"
27.08.2021,-115082.5,Bezhotovostní platba,"","Česká pošta s.p., distribuce letáků",308,4010000036,600,"Česká pošta s.p., distribuce letáků"
27.08.2021,-9680,Platba převodem uvnitř banky,"","BBPress media s.r.o.,volební článek",308,202100922,800,"BBPress media s.r.o.,volební článek"
27.08.2021,-2963,Bezhotovostní platba,"","Smart Balloons s.r.o., balónky",308,2170000103,800,"Smart Balloons s.r.o., balónky"
27.08.2021,-28496,Bezhotovostní platba,"","Václav Klaška, výroba propisek",308,210100617,500,"Václav Klaška, výroba propisek"
27.08.2021,-301793.36,Bezhotovostní platba,"","Green Marketing s.r.o., produkce",308,2021046,100,"Green Marketing s.r.o., produkce"
27.08.2021,-457773.25,Bezhotovostní platba,"","RAILREKLAM, spol. s r.o., reklama",308,2100087,100,"RAILREKLAM, spol. s r.o., reklama"
27.08.2021,1300000,Platba převodem uvnitř banky,Svoboda a přímá demokracie (SPD),Převod prostředků z transparentního účtu na volební účet SPD - volby do PS 2021,,,,Převod prostředků z transparentního účtu na volební účet SPD - volby do PS 2021
27.08.2021,-15000,Karetní transakce,"","Nákup: GOOGLE *SERVICES,  GORDON HOUSE., INTERNET, 0000000, IRL, dne 26.8.2021, částka  15000.00 CZK",,3344,,"Nákup: GOOGLE *SERVICES,  GORDON HOUSE., INTERNET, 0000000, IRL, dne 26.8.2021, částka  15000.00 CZK"
27.08.2021,-20000,Karetní transakce,"","Nákup: FACEBK *RWQ9X6P9N2,  Havover Reach, 5-7 Hanover Qua, fb.me/ads, DUBLIN 2, IRL, dne 26.8.2021, částka  20000.00 CZK",,3344,,"Nákup: FACEBK *RWQ9X6P9N2,  Havover Reach, 5-7 Hanover Qua, fb.me/ads, DUBLIN 2, IRL, dne 26.8.2021, částka  20000.00 CZK"
26.08.2021,-20000,Karetní transakce,"","Nákup: FACEBK *MU8KX8TAN2,  Havover Reach, 5-7 Hanover Qua, fb.me/ads, DUBLIN 2, IRL, dne 25.8.2021, částka  20000.00 CZK",,3344,,"Nákup: FACEBK *MU8KX8TAN2,  Havover Reach, 5-7 Hanover Qua, fb.me/ads, DUBLIN 2, IRL, dne 25.8.2021, částka  20000.00 CZK"
24.08.2021,-20000,Karetní transakce,"","Nákup: FACEBK *RBKD57KAN2,  Havover Reach, 5-7 Hanover Qua, fb.me/ads, DUBLIN 2, IRL, dne 23.8.2021, částka  20000.00 CZK",,3344,,"Nákup: FACEBK *RBKD57KAN2,  Havover Reach, 5-7 Hanover Qua, fb.me/ads, DUBLIN 2, IRL, dne 23.8.2021, částka  20000.00 CZK"
23.08.2021,-8069.4,Karetní transakce,"","Nákup: FACEBK *9G3Z653272,  Havover Reach, 5-7 Hanover Qua, fb.me/ads, DUBLIN 2, IRL, dne 22.8.2021, částka  8069.40 CZK",,3344,,"Nákup: FACEBK *9G3Z653272,  Havover Reach, 5-7 Hanover Qua, fb.me/ads, DUBLIN 2, IRL, dne 22.8.2021, částka  8069.40 CZK"
21.08.2021,-30811.8,Karetní transakce,"","Nákup: FACEBK *S6A837KAN2,  Havover Reach, 5-7 Hanover Qua, fb.me/ads, DUBLIN 2, IRL, dne 21.8.2021, částka  30811.80 CZK",,3344,,"Nákup: FACEBK *S6A837KAN2,  Havover Reach, 5-7 Hanover Qua, fb.me/ads, DUBLIN 2, IRL, dne 21.8.2021, částka  30811.80 CZK"
20.08.2021,-26.69,Karetní transakce,"","Nákup: FACEBK *ACSC26BAN2,  Havover Reach, 5-7 Hanover Qua, fb.me/ads, DUBLIN 2, IRL, dne 19.8.2021, částka  26.69 CZK",,3344,,"Nákup: FACEBK *ACSC26BAN2,  Havover Reach, 5-7 Hanover Qua, fb.me/ads, DUBLIN 2, IRL, dne 19.8.2021, částka  26.69 CZK"
20.08.2021,-20000,Karetní transakce,"","Nákup: FACEBK *959GV6KZ62,  Havover Reach, 5-7 Hanover Qua, fb.me/ads, DUBLIN 2, IRL, dne 19.8.2021, částka  20000.00 CZK",,3344,,"Nákup: FACEBK *959GV6KZ62,  Havover Reach, 5-7 Hanover Qua, fb.me/ads, DUBLIN 2, IRL, dne 19.8.2021, částka  20000.00 CZK"
20.08.2021,-20000,Karetní transakce,"","Nákup: FACEBK *VSQE97PAN2,  Havover Reach, 5-7 Hanover Qua, fb.me/ads, DUBLIN 2, IRL, dne 19.8.2021, částka  20000.00 CZK",,3344,,"Nákup: FACEBK *VSQE97PAN2,  Havover Reach, 5-7 Hanover Qua, fb.me/ads, DUBLIN 2, IRL, dne 19.8.2021, částka  20000.00 CZK"
19.08.2021,-168874,Platba převodem uvnitř banky,"","Tisk Sarpet s.r.o., bannery",308,113314705,100,"Tisk Sarpet s.r.o., bannery"
19.08.2021,-6238,Platba převodem uvnitř banky,"","Tisk Sarpet s.r.o., bannery",308,113314740,1400,"Tisk Sarpet s.r.o., bannery"
19.08.2021,-7390,Platba převodem uvnitř banky,"","Tisk Sarpet s.r.o., bannery",308,113314731,1400,"Tisk Sarpet s.r.o., bannery"
19.08.2021,-827,Bezhotovostní platba,"","Věra Maříková, samolepky, polepy",308,113314696,400,"Věra Maříková, samolepky, polepy"
19.08.2021,-19571,Bezhotovostní platba,"","MUDr. Jaroslav Dvořák, plakáty",308,113314634,1400,"MUDr. Jaroslav Dvořák, plakáty"
19.08.2021,-786.5,Bezhotovostní platba,"","RAILREKLAM, spol. s r.o., plakáty",308,2100085,1400,"RAILREKLAM, spol. s r.o., plakáty"
19.08.2021,-21296,Bezhotovostní platba,"","RAILREKLAM, spol. s r.o., plakáty",308,2100084,1400,"RAILREKLAM, spol. s r.o., plakáty"
19.08.2021,-117975,Bezhotovostní platba,"","BigMedia, spol. s r.o., plakáty",308,4212101634,100,"BigMedia, spol. s r.o., plakáty"
19.08.2021,-21175,Bezhotovostní platba,"","BARTH Reklamka a.s., polepy MHD",308,21200865,900,"BARTH Reklamka a.s., polepy MHD"
19.08.2021,-62835.3,Bezhotovostní platba,"","BARTH Reklamka a.s., billboardy",308,21200866,900,"BARTH Reklamka a.s., billboardy"
19.08.2021,-1917,Bezhotovostní platba,"","Věra Maříková, reklamní áčko",308,12104080,400,"Věra Maříková, reklamní áčko"
19.08.2021,-2621.8,Bezhotovostní platba,"","Daniela Načeradská, phm výlep",308,1000205,1300,"Daniela Načeradská, phm výlep"
19.08.2021,-646.6,Bezhotovostní platba,"","Daniela Načeradská, phm výlep",308,100049,1300,"Daniela Načeradská, phm výlep"
19.08.2021,-10830,Platba převodem uvnitř banky,"","Dachmedia s.r.o., billboardy",308,20210080,1400,"Dachmedia s.r.o., billboardy"
19.08.2021,-1000,Bezhotovostní platba,"","Marie Pošarová, reklamní plocha",308,3821,1000,"Marie Pošarová, reklamní plocha"
19.08.2021,-1250,Bezhotovostní platba,"","Marie Pošarová, pozvánky",308,10055,1000,"Marie Pošarová, pozvánky"
19.08.2021,-999.1,Platba převodem uvnitř banky,"","Alena Penzenstadlerová, phm výlep",308,1231210730,1000,"Alena Penzenstadlerová, phm výlep"
19.08.2021,-15000,Bezhotovostní platba,"","Ing. Pavel Minařík, marketing",308,202100258,1400,"Ing. Pavel Minařík, marketing"
19.08.2021,-832,Bezhotovostní platba,"","Marie Pošarová, poštovné",308,487796,1000,"Marie Pošarová, poštovné"
19.08.2021,-2420,Bezhotovostní platba,"","W a P EURONOVA s.r.o., polep MHD",308,21230180,400,"W a P EURONOVA s.r.o., polep MHD"
19.08.2021,-16335,Bezhotovostní platba,"","YASHICA s.r.o., billboardy",308,30221500,1300,"YASHICA s.r.o., billboardy"
19.08.2021,-4356,Bezhotovostní platba,"","Relative design s.r.o., plakáty",308,400210820,1300,"Relative design s.r.o., plakáty"
19.08.2021,-1161.6,Bezhotovostní platba,"","TS města Pelhřimova, plakátování",308,2210278,1300,"TS města Pelhřimova, plakátování"
19.08.2021,-7260,Bezhotovostní platba,"","JIPRINT, s.r.o., plakáty",308,2210700,1300,"JIPRINT, s.r.o., plakáty"
19.08.2021,5e+05,Platba převodem uvnitř banky,Svoboda a přímá demokracie (SPD),Převod prostředků z transparentního účtu na volební účet SPD - volby do PS 2021,,,,Převod prostředků z transparentního účtu na volební účet SPD - volby do PS 2021
18.08.2021,-20000,Karetní transakce,"","Nákup: FACEBK *D94D79FAN2,  Havover Reach, 5-7 Hanover Qua, fb.me/ads, DUBLIN 2, IRL, dne 18.8.2021, částka  20000.00 CZK",,3344,,"Nákup: FACEBK *D94D79FAN2,  Havover Reach, 5-7 Hanover Qua, fb.me/ads, DUBLIN 2, IRL, dne 18.8.2021, částka  20000.00 CZK"
17.08.2021,-865.55,Karetní transakce,"","Nákup: SWITCHER ESSENTIALS,  1205 E Washington StSuite 117, LOUISVILLE, 40206, USA, dne 16.8.2021, částka  39.00 USD",,3344,,"Nákup: SWITCHER ESSENTIALS,  1205 E Washington StSuite 117, LOUISVILLE, 40206, USA, dne 16.8.2021, částka  39.00 USD"
17.08.2021,-20000,Karetní transakce,"","Nákup: FACEBK *N5R977PAN2,  Havover Reach, 5-7 Hanover Qua, fb.me/ads, DUBLIN 2, IRL, dne 16.8.2021, částka  20000.00 CZK",,3344,,"Nákup: FACEBK *N5R977PAN2,  Havover Reach, 5-7 Hanover Qua, fb.me/ads, DUBLIN 2, IRL, dne 16.8.2021, částka  20000.00 CZK"
16.08.2021,-20000,Karetní transakce,"","Nákup: FACEBK *VK7JM6P9N2,  Havover Reach, 5-7 Hanover Qua, fb.me/ads, DUBLIN 2, IRL, dne 15.8.2021, částka  20000.00 CZK",,3344,,"Nákup: FACEBK *VK7JM6P9N2,  Havover Reach, 5-7 Hanover Qua, fb.me/ads, DUBLIN 2, IRL, dne 15.8.2021, částka  20000.00 CZK"
14.08.2021,-20000,Karetní transakce,"","Nákup: FACEBK *TP4RU4XZ62,  Havover Reach, 5-7 Hanover Qua, fb.me/ads, DUBLIN 2, IRL, dne 13.8.2021, částka  20000.00 CZK",,3344,,"Nákup: FACEBK *TP4RU4XZ62,  Havover Reach, 5-7 Hanover Qua, fb.me/ads, DUBLIN 2, IRL, dne 13.8.2021, částka  20000.00 CZK"
14.08.2021,-20000,Karetní transakce,"","Nákup: FACEBK *J4RWU5BAN2,  Havover Reach, 5-7 Hanover Qua, fb.me/ads, DUBLIN 2, IRL, dne 13.8.2021, částka  20000.00 CZK",,3344,,"Nákup: FACEBK *J4RWU5BAN2,  Havover Reach, 5-7 Hanover Qua, fb.me/ads, DUBLIN 2, IRL, dne 13.8.2021, částka  20000.00 CZK"
13.08.2021,-42229,Bezhotovostní platba,"","PULARY, s.r.o., letáky, plakáty",308,10821,700,"PULARY, s.r.o., letáky, plakáty"
13.08.2021,-66429,Bezhotovostní platba,"","DP Liberec a Jablonec, rekl. plochy",308,1031000037,600,"DP Liberec a Jablonec, rekl. plochy"
13.08.2021,-54087,Bezhotovostní platba,"","Eintopf s.r.o., promo oblečení",308,2110080,1500,"Eintopf s.r.o., promo oblečení"
13.08.2021,-2178,Platba převodem uvnitř banky,"","Tisk Sarpet s.r.o., plakáty",308,113314679,1400,"Tisk Sarpet s.r.o., plakáty"
13.08.2021,-10519,Bezhotovostní platba,"","Věra Maříková, bannery",308,113314665,400,"Věra Maříková, bannery"
13.08.2021,-5445,Bezhotovostní platba,"","S 21 Energy s.r.o., reklamní plocha",308,202110499,800,"S 21 Energy s.r.o., reklamní plocha"
13.08.2021,-25000,Bezhotovostní platba,"","Ondřej Březina, digitální marketing",308,20210006,800,"Ondřej Březina, digitální marketing"
13.08.2021,-80000,Bezhotovostní platba,"","Simona Borzíková, hostesky kampaň",308,202100011,1500,"Simona Borzíková, hostesky kampaň"
13.08.2021,-240,Bezhotovostní platba,"","Město Týniště n. Orlicí, plakátovné",308,12100126,500,"Město Týniště n. Orlicí, plakátovné"
13.08.2021,-12947,Bezhotovostní platba,"","MgA. Daniel Šenkeřík, polep auta",308,682021,1400,"MgA. Daniel Šenkeřík, polep auta"
13.08.2021,-3000,Bezhotovostní platba,"","Jaroslav Šimek, tlampač",308,2,100,"Jaroslav Šimek, tlampač"
13.08.2021,-34606,Bezhotovostní platba,"","Green Marketing s.r.o., tašky SPD",308,2021040,100,"Green Marketing s.r.o., tašky SPD"
13.08.2021,5e+05,Platba převodem uvnitř banky,Svoboda a přímá demokracie (SPD),Převod prostředků z transparentního účtu na volební účet SPD - volby do PS 2021,,,,Převod prostředků z transparentního účtu na volební účet SPD - volby do PS 2021
09.08.2021,-20000,Karetní transakce,"","Nákup: FACEBK *XZ7JQ77AN2,  Havover Reach, 5-7 Hanover Qua, fb.me/ads, DUBLIN 2, IRL, dne 7.8.2021, částka  20000.00 CZK",,3344,,"Nákup: FACEBK *XZ7JQ77AN2,  Havover Reach, 5-7 Hanover Qua, fb.me/ads, DUBLIN 2, IRL, dne 7.8.2021, částka  20000.00 CZK"
06.08.2021,-417450,Bezhotovostní platba,"","MD Vision s.r.o., on-line kampaň",308,21217044,100,"MD Vision s.r.o., on-line kampaň"
06.08.2021,-556600,Bezhotovostní platba,"","MD Vision s.r.o., on-line kampaň",308,21217042,100,"MD Vision s.r.o., on-line kampaň"
06.08.2021,-30000,Platba převodem uvnitř banky,"","Svobodné rádio, z.s., banner",308,22021,100,"Svobodné rádio, z.s., banner"
06.08.2021,-1413,Bezhotovostní platba,"","Věra Maříková, plakáty A3",308,113314614,400,"Věra Maříková, plakáty A3"
06.08.2021,-1413,Bezhotovostní platba,"","Věra Maříková, plakáty A3",308,113314635,400,"Věra Maříková, plakáty A3"
06.08.2021,-4193,Bezhotovostní platba,"","Věra Maříková, bannery",308,113314628,400,"Věra Maříková, bannery"
06.08.2021,-3556,Bezhotovostní platba,"","Věra Maříková, bannery",308,113314603,400,"Věra Maříková, bannery"
06.08.2021,-18150,Bezhotovostní platba,"","KAMELOT production s.r.o., reklama",308,202100360,400,"KAMELOT production s.r.o., reklama"
06.08.2021,-9655,Bezhotovostní platba,"","MAFRA, a.s., reklama v časopise",308,2321004950,400,"MAFRA, a.s., reklama v časopise"
06.08.2021,-4490.71,Bezhotovostní platba,"","Radovan Vích, reklama FB",308,6230918677,600,"Radovan Vích, reklama FB"
06.08.2021,-17875,Bezhotovostní platba,"","Jakub Hyrš, polepy",308,202108001,1300,"Jakub Hyrš, polepy"
06.08.2021,-20000,Bezhotovostní platba,"","Bohumil Eichler, fotografování",308,210801,1200,"Bohumil Eichler, fotografování"
06.08.2021,-6655,Platba převodem uvnitř banky,"","Newo media s.r.o., banner",308,1292021,1200,"Newo media s.r.o., banner"
06.08.2021,-10164,Platba převodem uvnitř banky,"","Newo media s.r.o., reklama",308,1282021,1200,"Newo media s.r.o., reklama"
06.08.2021,-30000,Bezhotovostní platba,"","Martin Lán, grafické práce",308,2021028,1200,"Martin Lán, grafické práce"
06.08.2021,-2517,Platba převodem uvnitř banky,"","Tisk Sarpet s.r.o., leták A5",308,113314621,1400,"Tisk Sarpet s.r.o., leták A5"
06.08.2021,-2863,Platba převodem uvnitř banky,"","Tisk Sarpet s.r.o., plachty",308,113314613,1400,"Tisk Sarpet s.r.o., plachty"
06.08.2021,-24500,Bezhotovostní platba,"","Filip Mruzek, práce na webu",308,20210019,100,"Filip Mruzek, práce na webu"
06.08.2021,3e+05,Platba převodem uvnitř banky,Svoboda a přímá demokracie (SPD),Převod prostředků z transparentního účtu na volební účet SPD - volby do PS 2021,,,,Převod prostředků z transparentního účtu na volební účet SPD - volby do PS 2021
06.08.2021,-21816.52,Karetní transakce,"","Nákup: FACEBK *VBCG77T9N2,  Havover Reach, 5-7 Hanover Qua, fb.me/ads, DUBLIN 2, IRL, dne 5.8.2021, částka  21816.52 CZK",,3344,,"Nákup: FACEBK *VBCG77T9N2,  Havover Reach, 5-7 Hanover Qua, fb.me/ads, DUBLIN 2, IRL, dne 5.8.2021, částka  21816.52 CZK"
05.08.2021,1200000,Platba převodem uvnitř banky,Svoboda a přímá demokracie (SPD),Převod prostředků z transparentního účtu na volební účet SPD - volby do PS 2021,,,,Převod prostředků z transparentního účtu na volební účet SPD - volby do PS 2021
04.08.2021,-15000,Karetní transakce,"","Nákup: GOOGLE *ADS1004003547,  Gordon House, Barrow Street, cc@google.com, UNKNOWN, IRL, dne 3.8.2021, částka  15000.00 CZK",,3344,,"Nákup: GOOGLE *ADS1004003547,  Gordon House, Barrow Street, cc@google.com, UNKNOWN, IRL, dne 3.8.2021, částka  15000.00 CZK"
02.08.2021,-20000,Karetní transakce,"","Nákup: FACEBK *HGABK5BAN2,  Havover Reach, 5-7 Hanover Qua, fb.me/ads, DUBLIN 2, IRL, dne 2.8.2021, částka  20000.00 CZK",,3344,,"Nákup: FACEBK *HGABK5BAN2,  Havover Reach, 5-7 Hanover Qua, fb.me/ads, DUBLIN 2, IRL, dne 2.8.2021, částka  20000.00 CZK"
30.07.2021,-1943,Platba převodem uvnitř banky,"","Tisk Sarpet s.r.o., bannery",308,113314571,1400,"Tisk Sarpet s.r.o., bannery"
30.07.2021,-1782,Bezhotovostní platba,"","Marie Pošarová, bannery",308,113314528,1000,"Marie Pošarová, bannery"
30.07.2021,-21250,Platba převodem uvnitř banky,"","SP-Solutions s.r.o., bezpeč. služby",308,2021018,100,"SP-Solutions s.r.o., bezpeč. služby"
30.07.2021,-10890,Platba převodem uvnitř banky,"","LEDBOARD s.r.o., reklama",308,62021,300,"LEDBOARD s.r.o., reklama"
30.07.2021,-4435,Bezhotovostní platba,"","Věra Maříková, bannery",308,113314520,400,"Věra Maříková, bannery"
30.07.2021,-1014,Bezhotovostní platba,"","Vladimíra Lesenská, sponkovačka",308,20210718,500,"Vladimíra Lesenská, sponkovačka"
30.07.2021,-20000,Karetní transakce,"","Nákup: FACEBK *23D8G6KAN2,  Havover Reach, 5-7 Hanover Qua, fb.me/ads, DUBLIN 2, IRL, dne 29.7.2021, částka  20000.00 CZK",,3344,,"Nákup: FACEBK *23D8G6KAN2,  Havover Reach, 5-7 Hanover Qua, fb.me/ads, DUBLIN 2, IRL, dne 29.7.2021, částka  20000.00 CZK"
26.07.2021,-20000,Karetní transakce,"","Nákup: FACEBK *6KYPK6PAN2,  Havover Reach, 5-7 Hanover Qua, fb.me/ads, DUBLIN 2, IRL, dne 24.7.2021, částka  20000.00 CZK",,3344,,"Nákup: FACEBK *6KYPK6PAN2,  Havover Reach, 5-7 Hanover Qua, fb.me/ads, DUBLIN 2, IRL, dne 24.7.2021, částka  20000.00 CZK"
23.07.2021,-3971.7,Karetní transakce,"","Nákup: FACEBK *ERPK743Z62,  Havover Reach, 5-7 Hanover Qua, fb.me/ads, DUBLIN 2, IRL, dne 22.7.2021, částka  3971.70 CZK",,3344,,"Nákup: FACEBK *ERPK743Z62,  Havover Reach, 5-7 Hanover Qua, fb.me/ads, DUBLIN 2, IRL, dne 22.7.2021, částka  3971.70 CZK"
21.07.2021,-1021,Bezhotovostní platba,"","Bohemia Properties a.s., ubytování",308,1271146,100,"Bohemia Properties a.s., ubytování"
21.07.2021,-25000,Bezhotovostní platba,"","Ondřej Březina, prezentace projektu",308,20210004,800,"Ondřej Březina, prezentace projektu, digitální marketing"
21.07.2021,-9850,Bezhotovostní platba,"","Bohemia Properties a.s.,občerstvení",308,1271091,100,"Bohemia Properties a.s.,občerstvení"
21.07.2021,-4235,Bezhotovostní platba,"","H+S BUSSI s.r.o., doprava",308,20210235,100,"H+S BUSSI s.r.o., doprava"
21.07.2021,-63597.6,Bezhotovostní platba,"","Olmer ad, s.r.o., technika grémium",308,210129,100,"Olmer ad, s.r.o., technika grémium"
21.07.2021,-6250,Platba převodem uvnitř banky,"","SP-Solutions s.r.o., bezpeč. služby",308,2021016,100,"SP-Solutions s.r.o., bezpeč. služby"
21.07.2021,-505,Bezhotovostní platba,"","Marcela Zýchová, občerstvení kampaň",308,202966,100,"Marcela Zýchová, občerstvení kampaň"
21.07.2021,-18714,Platba převodem uvnitř banky,"","GRAMALI s.r.o., bannery, plakáty",308,2107022,600,"GRAMALI s.r.o., bannery, plakáty"
21.07.2021,-463,Bezhotovostní platba,"","MgA. Daniel Šenkeřík, samolepka SPD",308,552021,1400,"MgA. Daniel Šenkeřík, samolepka SPD"
21.07.2021,-707.5,Bezhotovostní platba,"","Patrik Magyarics, pohonné hmoty",308,102,1400,"Patrik Magyarics, pohonné hmoty"
21.07.2021,150000,Platba převodem uvnitř banky,Svoboda a přímá demokracie (SPD),Převod prostředků z transparentního účtu na volební účet SPD - volby do PS 2021,,,,Převod prostředků z transparentního účtu na volební účet SPD - volby do PS 2021
20.07.2021,-3304.62,Karetní transakce,"","Nákup: FACEBK *LBM5V7X9N2,  Havover Reach, 5-7 Hanover Qua, fb.me/ads, DUBLIN 2, IRL, dne 20.7.2021, částka  3304.62 CZK",,3344,,"Nákup: FACEBK *LBM5V7X9N2,  Havover Reach, 5-7 Hanover Qua, fb.me/ads, DUBLIN 2, IRL, dne 20.7.2021, částka  3304.62 CZK"
20.07.2021,-20000,Karetní transakce,"","Nákup: FACEBK *999TE6PAN2,  Havover Reach, 5-7 Hanover Qua, fb.me/ads, DUBLIN 2, IRL, dne 19.7.2021, částka  20000.00 CZK",,3344,,"Nákup: FACEBK *999TE6PAN2,  Havover Reach, 5-7 Hanover Qua, fb.me/ads, DUBLIN 2, IRL, dne 19.7.2021, částka  20000.00 CZK"
17.07.2021,-15000,Karetní transakce,"","Nákup: GOOGLE *ADS1004003547,  Gordon House, Barrow Street, cc@google.com, UNKNOWN, IRL, dne 16.7.2021, částka  15000.00 CZK",,3344,,"Nákup: GOOGLE *ADS1004003547,  Gordon House, Barrow Street, cc@google.com, UNKNOWN, IRL, dne 16.7.2021, částka  15000.00 CZK"
17.07.2021,-865.87,Karetní transakce,"","Nákup: SWITCHER ESSENTIALS,  1205 E Washington StSuite 117, LOUISVILLE, 40206, USA, dne 16.7.2021, částka  39.00 USD",,3344,,"Nákup: SWITCHER ESSENTIALS,  1205 E Washington StSuite 117, LOUISVILLE, 40206, USA, dne 16.7.2021, částka  39.00 USD"
17.07.2021,-20000,Karetní transakce,"","Nákup: FACEBK *VC3EC4FZ62,  Havover Reach, 5-7 Hanover Qua, fb.me/ads, DUBLIN 2, IRL, dne 16.7.2021, částka  20000.00 CZK",,3344,,"Nákup: FACEBK *VC3EC4FZ62,  Havover Reach, 5-7 Hanover Qua, fb.me/ads, DUBLIN 2, IRL, dne 16.7.2021, částka  20000.00 CZK"
16.07.2021,-20000,Karetní transakce,"","Nákup: FACEBK *HCCVA8FAN2,  Havover Reach, 5-7 Hanover Qua, fb.me/ads, DUBLIN 2, IRL, dne 15.7.2021, částka  20000.00 CZK",,3344,,"Nákup: FACEBK *HCCVA8FAN2,  Havover Reach, 5-7 Hanover Qua, fb.me/ads, DUBLIN 2, IRL, dne 15.7.2021, částka  20000.00 CZK"
15.07.2021,-3869,Bezhotovostní platba,"","Marie Pošarová, polepy na auta",308,113314427,1000,"Marie Pošarová, polepy na auta"
15.07.2021,-2055,Bezhotovostní platba,"","Marie Pošarová, banner",308,113314367,1000,"Marie Pošarová, banner"
15.07.2021,-2541,Platba převodem uvnitř banky,"","Tisk Sarpet s.r.o., magnety na auto",308,113314311,1400,"Tisk Sarpet s.r.o., magnety na auto"
15.07.2021,-910,Bezhotovostní platba,"","Marie Pošarová, výlepy plakátů",308,172021,1000,"Marie Pošarová, výlepy plakátů"
15.07.2021,-3540,Bezhotovostní platba,"","Marie Pošarová, lepidla k výlepu",308,119412,1000,"Marie Pošarová, lepidla k výlepu"
15.07.2021,-1001,Bezhotovostní platba,"","Radovan Vích, pohonné hmoty",308,2021001281,600,"Radovan Vích, pohonné hmoty"
15.07.2021,-121000,Bezhotovostní platba,"","Green Marketing s.r.o., vystoupení",308,2021034,100,"Green Marketing s.r.o., vystoupení"
15.07.2021,-118,Bezhotovostní platba,"","Alena Kadlčková, občerstvení kampaň",308,2107121062,100,"Alena Kadlčková, občerstvení kampaň"
15.07.2021,-11616,Bezhotovostní platba,"","Lusija s.r.o., bannery",308,2107000106,500,"Lusija s.r.o., bannery"
15.07.2021,2e+05,Platba převodem uvnitř banky,Svoboda a přímá demokracie (SPD),Převod prostředků z transparentního účtu na volební účet SPD - volby do PS 2021,,,,Převod prostředků z transparentního účtu na volební účet SPD - volby do PS 2021
12.07.2021,46,Bezhotovostní příjem,STODULKOVA ANNA,"",,43052,,STODULKOVA ANNA
10.07.2021,-20000,Karetní transakce,"","Nákup: FACEBK *97WU58FAN2,  Havover Reach, 5-7 Hanover Qua, fb.me/ads, DUBLIN 2, IRL, dne 9.7.2021, částka  20000.00 CZK",,3344,,"Nákup: FACEBK *97WU58FAN2,  Havover Reach, 5-7 Hanover Qua, fb.me/ads, DUBLIN 2, IRL, dne 9.7.2021, částka  20000.00 CZK"
09.07.2021,-121,Bezhotovostní platba,"","Město Konice, vývěsní skříňka",308,1005000119,800,"Město Konice, vývěsní skříňka"
09.07.2021,-10000,Bezhotovostní platba,"","Libor Bláha, pohonné hmoty",308,2418121040,300,"Libor Bláha, pohonné hmoty"
09.07.2021,-2413.95,Bezhotovostní platba,"","VLTAVA LABE MEDIA a.s., PR článek",308,2117013959,200,"VLTAVA LABE MEDIA a.s., PR článek"
09.07.2021,-2191.75,Bezhotovostní platba,"","Radovan Vích, reklama FB",308,6230918677,600,"Radovan Vích, reklama FB"
09.07.2021,-4000,Bezhotovostní platba,"","Milan Holenda, fotografování",308,521,600,"Milan Holenda, fotografování"
09.07.2021,-68970,Platba převodem uvnitř banky,"","Dachmedia s.r.o., pronájem ploch",308,210800001,1400,"Dachmedia s.r.o., pronájem ploch"
09.07.2021,-695750,Bezhotovostní platba,"","MD Vision s.r.o., mediální kampaň",308,21217038,100,"MD Vision s.r.o., mediální kampaň"
09.07.2021,-278296,Bezhotovostní platba,"","MD Vision s.r.o., reklamní kampaň",308,21217039,100,"MD Vision s.r.o., reklamní kampaň"
09.07.2021,-115797,Bezhotovostní platba,"","MD Vision s.r.o.,silikonové náramky",308,21217041,100,"MD Vision s.r.o.,silikonové náramky"
09.07.2021,-95350,Bezhotovostní platba,"","Bohemia Properties, a.s., pronájem",308,900013518,100,"Bohemia Properties, a.s., pronájem"
09.07.2021,1200000,Platba převodem uvnitř banky,Svoboda a přímá demokracie (SPD),Převod prostředků z transparentního účtu na volební účet SPD - volby do PS 2021,,,,Převod prostředků z transparentního účtu na volební účet SPD - volby do PS 2021
01.07.2021,-40000,Bezhotovostní platba,"","Jan Holík, zapůjčení vozidla",308,2021032,1400,"Jan Holík, zapůjčení vozidla"
01.07.2021,-2541,Platba převodem uvnitř banky,"","Tisk Sarpet s.r.o., magnety na auta",308,113314311,1400,"Tisk Sarpet s.r.o., magnety na auta"
01.07.2021,-2557,Bezhotovostní platba,"","Věra Mařková, bannery",308,113314378,400,"Věra Mařková, bannery"
01.07.2021,-1911,Bezhotovostní platba,"","Věra Maříková, polepy na auta",308,113314358,400,"Věra Maříková, polepy na auta"
01.07.2021,-3600,Platba převodem uvnitř banky,"","Jarmila Chovancová, plakát. plocha",308,202101,800,"Jarmila Chovancová, plakát. plocha"
01.07.2021,-30000,Bezhotovostní platba,"","ing. Pavel Minařík, rekl. kampaň",308,202100189,1400,"ing. Pavel Minařík, rekl. kampaň"
01.07.2021,-4050,Bezhotovostní platba,"","Redring s.r.o., výlep plakátů",308,21040,800,"Redring s.r.o., výlep plakátů"
01.07.2021,-1200,Bezhotovostní platba,"","ROLAN MAK CZ s.r.o., vývěsné tabule",308,2021018,800,"ROLAN MAK CZ s.r.o., vývěsné tabule"
01.07.2021,-3146000,Bezhotovostní platba,"","Green Marketing s.r.o., jarmark SPD",308,2021024,100,"Green Marketing s.r.o., jarmark SPD"
01.07.2021,-269225,Bezhotovostní platba,"","Green Marketing s.r.o., konference",308,2021025,100,"Green Marketing s.r.o., konference"
01.07.2021,-785804.25,Bezhotovostní platba,"","Green Marketing s.r.o.,akce ""SPĎák""",308,2021026,100,"Green Marketing s.r.o.,akce ""SPĎák"""
01.07.2021,4e+06,Platba převodem uvnitř banky,Svoboda a přímá demokracie (SPD),Převod prostředků z transparentního účtu na volební účet SPD - volby do PS 2021,,,,Převod prostředků z transparentního účtu na volební účet SPD - volby do PS 2021
01.07.2021,-20000,Karetní transakce,"","Nákup: FACEBK *747PQ67AN2,  Havover Reach, 5-7 Hanover Qua, fb.me/ads, DUBLIN 2, IRL, dne 30.6.2021, částka  20000.00 CZK",,3344,,"Nákup: FACEBK *747PQ67AN2,  Havover Reach, 5-7 Hanover Qua, fb.me/ads, DUBLIN 2, IRL, dne 30.6.2021, částka  20000.00 CZK"
26.06.2021,-15000,Karetní transakce,"","Nákup: GOOGLE *ADS1004003547,  Gordon House, Barrow Street, cc@google.com, UNKNOWN, IRL, dne 25.6.2021, částka  15000.00 CZK",,3344,,"Nákup: GOOGLE *ADS1004003547,  Gordon House, Barrow Street, cc@google.com, UNKNOWN, IRL, dne 25.6.2021, částka  15000.00 CZK"
25.06.2021,-20000,Karetní transakce,"","Nákup: FACEBK *PBN3C53AN2,  Havover Reach, 5-7 Hanover Qua, fb.me/ads, DUBLIN 2, IRL, dne 24.6.2021, částka  20000.00 CZK",,3344,,"Nákup: FACEBK *PBN3C53AN2,  Havover Reach, 5-7 Hanover Qua, fb.me/ads, DUBLIN 2, IRL, dne 24.6.2021, částka  20000.00 CZK"
23.06.2021,-8470,Bezhotovostní platba,"","Josef Peck AX Pro, bannery",308,2021038,800,"Josef Peck AX Pro, bannery"
23.06.2021,-3532.1,Bezhotovostní platba,"","Vachta, pohonné hmoty",308,1421210525,200,"Vachta, pohonné hmoty"
23.06.2021,-1550,Bezhotovostní platba,"","Jakub Hyrš, magnetky",308,202106010,900,"Jakub Hyrš, magnetky"
23.06.2021,-6470,Bezhotovostní platba,"","Jakub Hyrš, polepy, plachta,magnety",308,202106011,1300,"Jakub Hyrš, polepy, plachta,magnety"
23.06.2021,-25000,Bezhotovostní platba,"","Ondřej Březina, digitální marketing",308,20210001,800,"Ondřej Březina, digitální marketing"
23.06.2021,-1000,Bezhotovostní platba,"","Dům kultury Ostrov, výlep plakátů",308,21137,400,"Dům kultury Ostrov, výlep plakátů"
23.06.2021,-5721999.63,Bezhotovostní platba,"","Český Domov Media House, noviny",308,2117045,100,"Český Domov Media House, noviny"
23.06.2021,-966431,Bezhotovostní platba,"","MD Vision s.r.o., reklamní předměty",308,21217035,100,"MD Vision s.r.o., reklamní předměty"
23.06.2021,-8906,Bezhotovostní platba,"","Tomáš Langr, bannery",308,2021056,1500,"Tomáš Langr, bannery"
23.06.2021,-3499,Bezhotovostní platba,"","Jindřiška Janůjová, párty stan",308,2181000526,1400,"Jindřiška Janůjová, párty stan"
23.06.2021,-7899,Bezhotovostní platba,"","Libor Bláha, pronájem, občerstvení",308,2210015,300,"Libor Bláha, pronájem, občerstvení"
23.06.2021,-2098,Bezhotovostní platba,"","Marie Pošarová, květiny",308,80231,1000,"Marie Pošarová, květiny"
23.06.2021,-3595.1,Bezhotovostní platba,"","Marie Pošarová, květiny",308,84106,1000,"Marie Pošarová, květiny"
23.06.2021,-840,Bezhotovostní platba,"","Marie Pošarová, výlep plakátů",308,25421,1000,"Marie Pošarová, výlep plakátů"
23.06.2021,-1699,Bezhotovostní platba,"","Marie Pošarová, květiny",308,73,1000,"Marie Pošarová, květiny"
23.06.2021,-12414,Bezhotovostní platba,"","MAFRA, a.s., inzerce",308,2321003993,1000,"MAFRA, a.s., inzerce"
23.06.2021,-1049826.3,Bezhotovostní platba,"","BigMedia, spol.sr.o., rekl. plochy",308,120210283,100,"BigMedia, spol.sr.o., rekl. plochy"
23.06.2021,8e+06,Platba převodem uvnitř banky,Svoboda a přímá demokracie (SPD),Převod prostředků z transparentního účtu na volební účet SPD - volby do PS 2021,,,,Převod prostředků z transparentního účtu na volební účet SPD - volby do PS 2021
23.06.2021,-406.25,Karetní transakce,"","Nákup: FACEBK *FTW4C3TZ62,  Havover Reach, 5-7 Hanover Qua, fb.me/ads, DUBLIN 2, IRL, dne 23.6.2021, částka  406.25 CZK",,3344,,"Nákup: FACEBK *FTW4C3TZ62,  Havover Reach, 5-7 Hanover Qua, fb.me/ads, DUBLIN 2, IRL, dne 23.6.2021, částka  406.25 CZK"
23.06.2021,-20000,Karetní transakce,"","Nákup: FACEBK *ESEAP5BZ62,  Havover Reach, 5-7 Hanover Qua, fb.me/ads, DUBLIN 2, IRL, dne 22.6.2021, částka  20000.00 CZK",,3344,,"Nákup: FACEBK *ESEAP5BZ62,  Havover Reach, 5-7 Hanover Qua, fb.me/ads, DUBLIN 2, IRL, dne 22.6.2021, částka  20000.00 CZK"
21.06.2021,-3010.11,Karetní transakce,"","Nákup: FACEBK *QQ5726T9N2,  Havover Reach, 5-7 Hanover Qua, fb.me/ads, DUBLIN 2, IRL, dne 19.6.2021, částka  3010.11 CZK",,3344,,"Nákup: FACEBK *QQ5726T9N2,  Havover Reach, 5-7 Hanover Qua, fb.me/ads, DUBLIN 2, IRL, dne 19.6.2021, částka  3010.11 CZK"
18.06.2021,-20000,Karetní transakce,"","Nákup: FACEBK *47VV77TAN2,  Havover Reach, 5-7 Hanover Qua, fb.me/ads, DUBLIN 2, IRL, dne 17.6.2021, částka  20000.00 CZK",,3344,,"Nákup: FACEBK *47VV77TAN2,  Havover Reach, 5-7 Hanover Qua, fb.me/ads, DUBLIN 2, IRL, dne 17.6.2021, částka  20000.00 CZK"
16.06.2021,-4322,Bezhotovostní platba,"","ZIKADO, s.r.o., reklama v časopisu",308,21003641,800,"ZIKADO, s.r.o., reklama v časopisu"
16.06.2021,-58235,Bezhotovostní platba,"","MD Vision s.r.o., reklamní kampaň",308,21217032,100,"MD Vision s.r.o., reklamní kampaň"
16.06.2021,-132313.5,Bezhotovostní platba,"","BigMedia, spol. s r.o., plakáty",308,4212101159,100,"BigMedia, spol. s r.o., plakáty"
16.06.2021,-6017,Platba převodem uvnitř banky,"","Tisk Sarpet s.r.o., plachta",308,113314289,1000,"Tisk Sarpet s.r.o., plachta"
16.06.2021,-11646,Platba převodem uvnitř banky,"","Tisk Sarpet s.r.o., bannery",308,113314288,1400,"Tisk Sarpet s.r.o., bannery"
16.06.2021,5e+05,Platba převodem uvnitř banky,Svoboda a přímá demokracie (SPD),Převod prostředků z transparentního účtu na volební účet SPD - volby do PS 2021,,,,Převod prostředků z transparentního účtu na volební účet SPD - volby do PS 2021
16.06.2021,-840.6,Karetní transakce,"","Nákup: SWITCHER ESSENTIALS,  1205 E Washington StSuite 117, LOUISVILLE, 40206, USA, dne 16.6.2021, částka  39.00 USD",,3344,,"Nákup: SWITCHER ESSENTIALS,  1205 E Washington StSuite 117, LOUISVILLE, 40206, USA, dne 16.6.2021, částka  39.00 USD"
12.06.2021,-20000,Karetní transakce,"","Nákup: FACEBK *ZFNMA5KAN2,  Havover Reach, 5-7 Hanover Qua, fb.me/ads, DUBLIN 2, IRL, dne 11.6.2021, částka  20000.00 CZK",,3344,,"Nákup: FACEBK *ZFNMA5KAN2,  Havover Reach, 5-7 Hanover Qua, fb.me/ads, DUBLIN 2, IRL, dne 11.6.2021, částka  20000.00 CZK"
09.06.2021,-3079,Bezhotovostní platba,"","olomoucký, výlep plakátů",308,21030,,"olomoucký, výlep plakátů"
09.06.2021,-17095,Platba převodem uvnitř banky,"","plzeňský, bannery",308,113314229,,"plzeňský, bannery"
09.06.2021,-9680,Platba převodem uvnitř banky,"","plzeňský, inzerce v médiích",308,202100600,,"plzeňský, inzerce v médiích"
09.06.2021,-52066.3,Bezhotovostní platba,"",plakáty A2,308,2021168,,plakáty A2
09.06.2021,-9680,Platba převodem uvnitř banky,"","olomoucký, reklama v novinách",308,202100649,,"olomoucký, reklama v novinách"
09.06.2021,-3137.7,Bezhotovostní platba,"","liberecký, reklama na FB",308,6230918677,,"liberecký, reklama na FB"
09.06.2021,-4100,Bezhotovostní platba,"","liberecký, náklady na konferenci",308,11,,"liberecký, náklady na konferenci"
09.06.2021,-121000,Bezhotovostní platba,"","jihočeský, billboardy",308,20210118,,"jihočeský, billboardy"
09.06.2021,-4511.1,Bezhotovostní platba,"","jihočeský, roznos novin Česká pošta",308,5190555811,,"jihočeský, roznos novin Česká pošta"
09.06.2021,-29995.9,Bezhotovostní platba,"","vysočina, pronájem reklamních ploch",308,21310097,,"vysočina, pronájem reklamních ploch"
09.06.2021,-15000,Karetní transakce,"","Nákup: GOOGLE *ADS1004003547,  Gordon House, Barrow Street, cc@google.com, UNKNOWN, IRL, dne 9.6.2021, částka  15000.00 CZK",,3344,,"Nákup: GOOGLE *ADS1004003547,  Gordon House, Barrow Street, cc@google.com, UNKNOWN, IRL, dne 9.6.2021, částka  15000.00 CZK"
05.06.2021,-20000,Karetní transakce,"","Nákup: FACEBK *XVDZT4P9N2,  Havover Reach, 5-7 Hanover Qua, fb.me/ads, DUBLIN 2, IRL, dne 4.6.2021, částka  20000.00 CZK",,3344,,"Nákup: FACEBK *XVDZT4P9N2,  Havover Reach, 5-7 Hanover Qua, fb.me/ads, DUBLIN 2, IRL, dne 4.6.2021, částka  20000.00 CZK"
02.06.2021,-1250,Platba převodem uvnitř banky,"",bezpečnostní služby na kampani,308,2021009,,bezpečnostní služby na kampani
02.06.2021,-2043,Bezhotovostní platba,"","zlínský, pietní kytice, občerstvení",308,43052,,"zlínský, pietní kytice, občerstvení"
02.06.2021,-1803,Bezhotovostní platba,"","praha, vlajka ČR",308,73872021,,"praha, vlajka ČR"
02.06.2021,-13522,Bezhotovostní platba,"","praha, phm",308,311,,"praha, phm"
02.06.2021,-15856.51,Bezhotovostní platba,"","jihočeský, roznos novin",308,5102792964,,"jihočeský, roznos novin"
02.06.2021,-3148,Bezhotovostní platba,"","zlínský, nákup čtecího zařízení",308,210108918,,"zlínský, nákup čtecího zařízení"
31.05.2021,-20000,Karetní transakce,"","Nákup: FACEBK *GMSRP43AN2,  Havover Reach, 5-7 Hanover Qua, fb.me/ads, DUBLIN 2, IRL, dne 29.5.2021, částka  20000.00 CZK",,3344,,"Nákup: FACEBK *GMSRP43AN2,  Havover Reach, 5-7 Hanover Qua, fb.me/ads, DUBLIN 2, IRL, dne 29.5.2021, částka  20000.00 CZK"
26.05.2021,-30008,Bezhotovostní platba,"","vysočina, pronájem rekl. ploch MHD",308,21320002,,"vysočina, pronájem rekl. ploch MHD"
26.05.2021,-40000,Bezhotovostní platba,"","vysočina, pronájem rekl. ploch",308,6011160001,,"vysočina, pronájem rekl. ploch"
26.05.2021,-16335,Bezhotovostní platba,"","vysočina, pronájem billboardů",308,30220465,,"vysočina, pronájem billboardů"
26.05.2021,-960,Bezhotovostní platba,"","zlínský, kytice na pietní akci",308,182021,,"zlínský, kytice na pietní akci"
26.05.2021,-6040,Bezhotovostní platba,"","liberecký, polep na auto",308,2321,,"liberecký, polep na auto"
26.05.2021,-30000,Platba převodem uvnitř banky,"",banner na webových stránkách,308,12021,,banner na webových stránkách
26.05.2021,-227238,Bezhotovostní platba,"","reklamní materiály, plakáty",308,4212100902,,"reklamní materiály, plakáty"
26.05.2021,-695750,Bezhotovostní platba,"",mediální a on-line kampaň,308,21217019,,mediální a on-line kampaň
26.05.2021,-3466.5,Bezhotovostní platba,"","královéhradecký, phm výlep plakátů",308,103,,"královéhradecký, phm výlep plakátů"
26.05.2021,-1754.1,Bezhotovostní platba,"","královéhradecký, phm výlep plakátů",308,2021000341,,"královéhradecký, phm výlep plakátů"
26.05.2021,-3228.4,Bezhotovostní platba,"","královéhradecký, phm výlep plakátů",308,227,,"královéhradecký, phm výlep plakátů"
26.05.2021,1e+06,Platba převodem uvnitř banky,Svoboda a přímá demokracie (SPD),Převod prostředků z transparentního účtu na volební účet SPD - volby do PS 2021,,,,Převod prostředků z transparentního účtu na volební účet SPD - volby do PS 2021
25.05.2021,-20000,Karetní transakce,"","Nákup: FACEBK *DJQRT4KAN2,  Havover Reach, 5-7 Hanover Qua, fb.me/ads, DUBLIN 2, IRL, dne 24.5.2021, částka  20000.00 CZK",,3344,,"Nákup: FACEBK *DJQRT4KAN2,  Havover Reach, 5-7 Hanover Qua, fb.me/ads, DUBLIN 2, IRL, dne 24.5.2021, částka  20000.00 CZK"
24.05.2021,-17158.79,Karetní transakce,"","Nákup: FACEBK *U95FU23272,  Havover Reach, 5-7 Hanover Qua, fb.me/ads, DUBLIN 2, IRL, dne 22.5.2021, částka  17158.79 CZK",,3344,,"Nákup: FACEBK *U95FU23272,  Havover Reach, 5-7 Hanover Qua, fb.me/ads, DUBLIN 2, IRL, dne 22.5.2021, částka  17158.79 CZK"
20.05.2021,-12624.6,Karetní transakce,"","Nákup: FACEBK *M8MQA6X9N2,  Havover Reach, 5-7 Hanover Qua, fb.me/ads, DUBLIN 2, IRL, dne 19.5.2021, částka  12624.60 CZK",,3344,,"Nákup: FACEBK *M8MQA6X9N2,  Havover Reach, 5-7 Hanover Qua, fb.me/ads, DUBLIN 2, IRL, dne 19.5.2021, částka  12624.60 CZK"
18.05.2021,-15000,Karetní transakce,"","Nákup: GOOGLE *ADS1004003547,  Gordon House, Barrow Street, cc@google.com, UNKNOWN, IRL, dne 18.5.2021, částka  15000.00 CZK",,3344,,"Nákup: GOOGLE *ADS1004003547,  Gordon House, Barrow Street, cc@google.com, UNKNOWN, IRL, dne 18.5.2021, částka  15000.00 CZK"
17.05.2021,2222,Bezhotovostní příjem,UHRICKOVA MONIKA,Platba zpet,,0,,UHRICKOVA MONIKA
17.05.2021,-839.64,Karetní transakce,"","Nákup: SWITCHER ESSENTIALS,  1205 E Washington StSuite 117, LOUISVILLE, 40206, USA, dne 16.5.2021, částka  39.00 USD",,3344,,"Nákup: SWITCHER ESSENTIALS,  1205 E Washington StSuite 117, LOUISVILLE, 40206, USA, dne 16.5.2021, částka  39.00 USD"
15.05.2021,-20000,Karetní transakce,"","Nákup: FACEBK *VZ99C6TAN2,  Havover Reach, 5-7 Hanover Qua, fb.me/ads, DUBLIN 2, IRL, dne 14.5.2021, částka  20000.00 CZK",,3344,,"Nákup: FACEBK *VZ99C6TAN2,  Havover Reach, 5-7 Hanover Qua, fb.me/ads, DUBLIN 2, IRL, dne 14.5.2021, částka  20000.00 CZK"
13.05.2021,-3e+06,Bezhotovostní platba,"",tisk a distribuce volebních novin,308,21001,,tisk a distribuce volebních novin
13.05.2021,-1162,Bezhotovostní platba,"","středočeský, výlep plakátů",308,5793285,,"středočeský, výlep plakátů"
13.05.2021,-2222,Bezhotovostní platba,"","zlínský, kytice na pietní akci",308,5676685,,"zlínský, kytice na pietní akci"
13.05.2021,-728.6,Bezhotovostní platba,"","zlínský, phm, lepidlo",308,4524,,"zlínský, phm, lepidlo"
13.05.2021,-18150,Platba převodem uvnitř banky,"","ústecký, reklamní plochy, plakáty",308,202107,,"ústecký, reklamní plochy, plakáty"
13.05.2021,-436,Bezhotovostní platba,"","zlínský, plakátování",308,82021,,"zlínský, plakátování"
13.05.2021,-2692870,Bezhotovostní platba,"",výroba audiovizuálního díla,308,202121006,,výroba audiovizuálního díla
13.05.2021,6e+06,Platba převodem uvnitř banky,Svoboda a přímá demokracie (SPD),Převod prostředků z transparentního účtu na volební účet SPD - volby do PS 2021,,,,Převod prostředků z transparentního účtu na volební účet SPD - volby do PS 2021
10.05.2021,-20000,Karetní transakce,"","Nákup: FACEBK *RVDBB57AN2,  Havover Reach, 5-7 Hanover Qua, fb.me/ads, DUBLIN 2, IRL, dne 9.5.2021, částka  20000.00 CZK",,3344,,"Nákup: FACEBK *RVDBB57AN2,  Havover Reach, 5-7 Hanover Qua, fb.me/ads, DUBLIN 2, IRL, dne 9.5.2021, částka  20000.00 CZK"
05.05.2021,-2222,Bezhotovostní platba,"","zlínský, kytice na pietní akci",308,133357,,"zlínský, kytice na pietní akci"
05.05.2021,-6534,Platba převodem uvnitř banky,"","jihomoravský, distribuce novin",308,21100058,,"jihomoravský, distribuce novin"
05.05.2021,-2896.74,Bezhotovostní platba,"","plzeňský, PR článek v Denik.cz",308,2117009098,,"plzeňský, PR článek v Denik.cz"
05.05.2021,-1209.3,Platba převodem uvnitř banky,"","plzeňský, phm na výlep plakátů",308,202,,"plzeňský, phm na výlep plakátů"
05.05.2021,-184,Platba převodem uvnitř banky,"","plzeňský, sprej na výlep plakátů",308,6950231,,"plzeňský, sprej na výlep plakátů"
05.05.2021,-1680,Bezhotovostní platba,"","plzeňský, výlep plakátů",308,2021003,,"plzeňský, výlep plakátů"
05.05.2021,-2940,Bezhotovostní platba,"","plzeňský, lepidla pro výlep",308,1147,,"plzeňský, lepidla pro výlep"
05.05.2021,-1129,Platba převodem uvnitř banky,"","plzeňský, smuteční věnce",308,969,,"plzeňský, smuteční věnce"
05.05.2021,-3938,Bezhotovostní platba,"","moravskoslezský, potisk logo SPD",308,1421,,"moravskoslezský, potisk logo SPD"
05.05.2021,-2150,Bezhotovostní platba,"","moravskoslezský, plakáty A5",308,1021,,"moravskoslezský, plakáty A5"
05.05.2021,-20000,Karetní transakce,"","Nákup: FACEBK *YAWHF4PAN2,  Havover Reach, 5-7 Hanover Qua, fb.me/ads, DUBLIN 2, IRL, dne 4.5.2021, částka  20000.00 CZK",,3344,,"Nákup: FACEBK *YAWHF4PAN2,  Havover Reach, 5-7 Hanover Qua, fb.me/ads, DUBLIN 2, IRL, dne 4.5.2021, částka  20000.00 CZK"
03.05.2021,-15000,Karetní transakce,"","Nákup: GOOGLE *ADS1004003547,  Gordon House, Barrow Street, cc@google.com, UNKNOWN, IRL, dne 2.5.2021, částka  15000.00 CZK",,3344,,"Nákup: GOOGLE *ADS1004003547,  Gordon House, Barrow Street, cc@google.com, UNKNOWN, IRL, dne 2.5.2021, částka  15000.00 CZK"
01.05.2021,-20000,Karetní transakce,"","Nákup: FACEBK *WZBFY5TAN2,  Havover Reach, 5-7 Hanover Qua, fb.me/ads, DUBLIN 2, IRL, dne 30.4.2021, částka  20000.00 CZK",,3344,,"Nákup: FACEBK *WZBFY5TAN2,  Havover Reach, 5-7 Hanover Qua, fb.me/ads, DUBLIN 2, IRL, dne 30.4.2021, částka  20000.00 CZK"
24.04.2021,-19997.74,Karetní transakce,"","Nákup: FACEBK *6FTYS5TAN2,  Havover Reach, 5-7 Hanover Qua, fb.me/ads, DUBLIN 2, IRL, dne 23.4.2021, částka  19997.74 CZK",,3344,,"Nákup: FACEBK *6FTYS5TAN2,  Havover Reach, 5-7 Hanover Qua, fb.me/ads, DUBLIN 2, IRL, dne 23.4.2021, částka  19997.74 CZK"
24.04.2021,-18455.71,Karetní transakce,"","Nákup: FACEBK *ENFLVZ2Z62,  Havover Reach, 5-7 Hanover Qua, fb.me/ads, DUBLIN 2, IRL, dne 23.4.2021, částka  18455.71 CZK",,3344,,"Nákup: FACEBK *ENFLVZ2Z62,  Havover Reach, 5-7 Hanover Qua, fb.me/ads, DUBLIN 2, IRL, dne 23.4.2021, částka  18455.71 CZK"
23.04.2021,5e+05,Platba převodem uvnitř banky,Svoboda a přímá demokracie (SPD),Převod prostředků z transparentního účtu na volební účet SPD - volby do PS 2021,,,,Převod prostředků z transparentního účtu na volební účet SPD - volby do PS 2021
21.04.2021,-22022,Bezhotovostní platba,"","ústecký, výlepní plocha",308,2021058,,"ústecký, výlepní plocha"
21.04.2021,-3622,Bezhotovostní platba,"","olomoucký, výlep plakátů",308,21016,,"olomoucký, výlep plakátů"
21.04.2021,-2590.5,Bezhotovostní platba,"","zlínský, phm výlep plakátů",308,158,,"zlínský, phm výlep plakátů"
21.04.2021,-153,Bezhotovostní platba,"","zlínský, materiál k výlepu plakátů",308,23,,"zlínský, materiál k výlepu plakátů"
21.04.2021,-1200,Bezhotovostní platba,"","zlínský, phm výlep plakátů",308,2231,,"zlínský, phm výlep plakátů"
21.04.2021,-1391500,Bezhotovostní platba,"",mediální a on-line kampaň,308,21217016,,mediální a on-line kampaň
21.04.2021,-226270,Bezhotovostní platba,"",návrh a realizace logomanuálu,308,21217011,,návrh a realizace logomanuálu
21.04.2021,-52066.3,Bezhotovostní platba,"",plakáty A2,308,2021050,,plakáty A2
21.04.2021,1e+06,Platba převodem uvnitř banky,Svoboda a přímá demokracie (SPD),Převod prostředků z transparentního účtu na volební účet SPD - volby do PS 2021,,,,Převod prostředků z transparentního účtu na volební účet SPD - volby do PS 2021
20.04.2021,-6068.36,Karetní transakce,"","Nákup: FACEBK *CL6JG5X9N2,  Havover Reach, 5-7 Hanover Qua, fb.me/ads, DUBLIN 2, IRL, dne 19.4.2021, částka  6068.36 CZK",,3344,,"Nákup: FACEBK *CL6JG5X9N2,  Havover Reach, 5-7 Hanover Qua, fb.me/ads, DUBLIN 2, IRL, dne 19.4.2021, částka  6068.36 CZK"
19.04.2021,-20000,Karetní transakce,"","Nákup: FACEBK *2K67M33AN2,  Havover Reach, 5-7 Hanover Qua, fb.me/ads, DUBLIN 2, IRL, dne 17.4.2021, částka  20000.00 CZK",,3344,,"Nákup: FACEBK *2K67M33AN2,  Havover Reach, 5-7 Hanover Qua, fb.me/ads, DUBLIN 2, IRL, dne 17.4.2021, částka  20000.00 CZK"
16.04.2021,-868.05,Karetní transakce,"","Nákup: SWITCHER ESSENTIALS,  1205 E Washington StSuite 117, LOUISVILLE, 40206, USA, dne 16.4.2021, částka  39.00 USD",,3344,,"Nákup: SWITCHER ESSENTIALS,  1205 E Washington StSuite 117, LOUISVILLE, 40206, USA, dne 16.4.2021, částka  39.00 USD"
16.04.2021,-15000,Karetní transakce,"","Nákup: GOOGLE *ADS1004003547,  Gordon House, Barrow Street, cc@google.com, UNKNOWN, IRL, dne 15.4.2021, částka  15000.00 CZK",,3344,,"Nákup: GOOGLE *ADS1004003547,  Gordon House, Barrow Street, cc@google.com, UNKNOWN, IRL, dne 15.4.2021, částka  15000.00 CZK"
14.04.2021,-1028500,Bezhotovostní platba,"",pronájem reklamních panelů,308,310210027,,pronájem reklamních panelů
14.04.2021,1500000,Platba převodem uvnitř banky,Svoboda a přímá demokracie (SPD),Převod prostředků z transparentního účtu na volební účet SPD - volby do PS 2021,,,,Převod prostředků z transparentního účtu na volební účet SPD - volby do PS 2021
14.04.2021,-20000,Karetní transakce,"","Nákup: FACEBK *VLE4B5X9N2,  Havover Reach, 5-7 Hanover Qua, fb.me/ads, DUBLIN 2, IRL, dne 13.4.2021, částka  20000.00 CZK",,3344,,"Nákup: FACEBK *VLE4B5X9N2,  Havover Reach, 5-7 Hanover Qua, fb.me/ads, DUBLIN 2, IRL, dne 13.4.2021, částka  20000.00 CZK"
08.04.2021,-49065.5,Bezhotovostní platba,"",plakáty A2,308,2021003,,plakáty A2
08.04.2021,-84700,Bezhotovostní platba,"","plakáty, instalace",308,4212100567,,"plakáty, instalace"
08.04.2021,-605000,Bezhotovostní platba,"",pronájem reklamních panelů,308,4202102217,,pronájem reklamních panelů
07.04.2021,1e+06,Platba převodem uvnitř banky,Svoboda a přímá demokracie (SPD),Převod prostředků z transparentního účtu na volební účet SPD - volby do PS 2021,,,,Převod prostředků z transparentního účtu na volební účet SPD - volby do PS 2021
07.04.2021,-43560,Bezhotovostní platba,"",plakáty,308,4212100565,,plakáty
07.04.2021,-19965,Bezhotovostní platba,"",grafické práce,308,21217012,,grafické práce
07.04.2021,-133100,Bezhotovostní platba,"",zpracování a návrhy billboardů,308,21217010,,zpracování a návrhy billboardů
07.04.2021,-1161.6,Bezhotovostní platba,"","moravskoslezský, pronájem vitríny",308,202100203,,"moravskoslezský, pronájem vitríny"
06.04.2021,-20000,Karetní transakce,"","Nákup: FACEBK *3WKBQ3PAN2,  Havover Reach, 5-7 Hanover Qua, fb.me/ads, DUBLIN 2, IRL, dne 6.4.2021, částka  20000.00 CZK",,3344,,"Nákup: FACEBK *3WKBQ3PAN2,  Havover Reach, 5-7 Hanover Qua, fb.me/ads, DUBLIN 2, IRL, dne 6.4.2021, částka  20000.00 CZK"
31.03.2021,-40852.02,Bezhotovostní platba,"","jihomoravský, billboardy",308,4202101731,,"jihomoravský, billboardy"
31.03.2021,-5023,Bezhotovostní platba,"","olomoucký, výlep plakátů",308,21014,,"olomoucký, výlep plakátů"
31.03.2021,-3581.6,Bezhotovostní platba,"","jihomoravský, city board",308,212900014,,"jihomoravský, city board"
31.03.2021,-157300,Bezhotovostní platba,"",distribuce a dotisk novin,308,2117020,,distribuce a dotisk novin
30.03.2021,-20000,Karetní transakce,"","Nákup: FACEBK *9LZ7W4X9N2,  Havover Reach, 5-7 Hanover Qua, fb.me/ads, DUBLIN 2, IRL, dne 29.3.2021, částka  20000.00 CZK",,3344,,"Nákup: FACEBK *9LZ7W4X9N2,  Havover Reach, 5-7 Hanover Qua, fb.me/ads, DUBLIN 2, IRL, dne 29.3.2021, částka  20000.00 CZK"
27.03.2021,-15000,Karetní transakce,"","Nákup: GOOGLE *ADS1004003547,  Gordon House, Barrow Street, cc@google.com, UNKNOWN, IRL, dne 26.3.2021, částka  15000.00 CZK",,3344,,"Nákup: GOOGLE *ADS1004003547,  Gordon House, Barrow Street, cc@google.com, UNKNOWN, IRL, dne 26.3.2021, částka  15000.00 CZK"
25.03.2021,-20000,Karetní transakce,"","Nákup: FACEBK *8KCDX2P9N2,  Havover Reach, 5-7 Hanover Qua, fb.me/ads, DUBLIN 2, IRL, dne 24.3.2021, částka  20000.00 CZK",,3344,,"Nákup: FACEBK *8KCDX2P9N2,  Havover Reach, 5-7 Hanover Qua, fb.me/ads, DUBLIN 2, IRL, dne 24.3.2021, částka  20000.00 CZK"
24.03.2021,-1290.5,Bezhotovostní platba,"","zlínský, výlep plakátů",308,155,,"zlínský, výlep plakátů"
24.03.2021,-18150,Bezhotovostní platba,"","praha, roznos novin",308,21018,,"praha, roznos novin"
24.03.2021,-510,Bezhotovostní platba,"","královéhradecký, výlep plakátů",308,1210035,20048,"královéhradecký, výlep plakátů"
24.03.2021,-14400,Bezhotovostní platba,"","olomoucký, pronájem rekl. nosičů",308,210005,,"olomoucký, pronájem rekl. nosičů"
23.03.2021,-11289.57,Karetní transakce,"","Nákup: FACEBK *RYSGWYNZ62,  Havover Reach, 5-7 Hanover Qua, fb.me/ads, DUBLIN 2, IRL, dne 23.3.2021, částka  11289.57 CZK",,3344,,"Nákup: FACEBK *RYSGWYNZ62,  Havover Reach, 5-7 Hanover Qua, fb.me/ads, DUBLIN 2, IRL, dne 23.3.2021, částka  11289.57 CZK"
20.03.2021,-11923.72,Karetní transakce,"","Nákup: FACEBK *8Z4953KAN2,  Havover Reach, 5-7 Hanover Qua, fb.me/ads, DUBLIN 2, IRL, dne 19.3.2021, částka  11923.72 CZK",,3344,,"Nákup: FACEBK *8Z4953KAN2,  Havover Reach, 5-7 Hanover Qua, fb.me/ads, DUBLIN 2, IRL, dne 19.3.2021, částka  11923.72 CZK"
16.03.2021,-879.93,Karetní transakce,"","Nákup: SWITCHER ESSENTIALS,  1205 E Washington StSuite 117, LOUISVILLE, 40206, USA, dne 16.3.2021, částka  39.00 USD",,3344,,"Nákup: SWITCHER ESSENTIALS,  1205 E Washington StSuite 117, LOUISVILLE, 40206, USA, dne 16.3.2021, částka  39.00 USD"
15.03.2021,-20000,Karetní transakce,"","Nákup: FACEBK *YUQAH3T9N2,  Havover Reach, 5-7 Hanover Qua, fb.me/ads, DUBLIN 2, IRL, dne 13.3.2021, částka  20000.00 CZK",,3344,,"Nákup: FACEBK *YUQAH3T9N2,  Havover Reach, 5-7 Hanover Qua, fb.me/ads, DUBLIN 2, IRL, dne 13.3.2021, částka  20000.00 CZK"
11.03.2021,-35241.25,Bezhotovostní platba,"","jihomoravský, billboardy",308,2120038,,"jihomoravský, billboardy"
11.03.2021,-30250,Bezhotovostní platba,"","ústecký, billboardy",308,2021023,,"ústecký, billboardy"
11.03.2021,-30569.44,Bezhotovostní platba,"","olomoucký, pronájem reklamní plochy",308,102021,,"olomoucký, pronájem reklamní plochy"
11.03.2021,-158389,Bezhotovostní platba,"",pronájem reklamních panelů,308,4202101578,,pronájem reklamních panelů
11.03.2021,-47916,Bezhotovostní platba,"",plakáty,308,4212100392,,plakáty
11.03.2021,-53240,Bezhotovostní platba,"",plakáty,308,4212100401,,plakáty
11.03.2021,-83490,Bezhotovostní platba,"",mediální analýza,308,2117011,,mediální analýza
11.03.2021,-411400,Bezhotovostní platba,"",tisk a distribuce volebních novin,308,2117010,,tisk a distribuce volebních novin
11.03.2021,1e+06,Platba převodem uvnitř banky,Svoboda a přímá demokracie (SPD),Převod prostředků z transparentního účtu na volební účet SPD - volby do PS 2021,,,,Převod prostředků z transparentního účtu na volební účet SPD - volby do PS 2021
10.03.2021,-20000,Karetní transakce,"","Nákup: FACEBK *7VCHC4X9N2,  Havover Reach, 5-7 Hanover Qua, fb.me/ads, DUBLIN 2, IRL, dne 9.3.2021, částka  20000.00 CZK",,3344,,"Nákup: FACEBK *7VCHC4X9N2,  Havover Reach, 5-7 Hanover Qua, fb.me/ads, DUBLIN 2, IRL, dne 9.3.2021, částka  20000.00 CZK"
06.03.2021,-15000,Karetní transakce,"","Nákup: GOOGLE *ADS1004003547,  Gordon House, Barrow Street, cc@google.com, UNKNOWN, IRL, dne 5.3.2021, částka  15000.00 CZK",,3344,,"Nákup: GOOGLE *ADS1004003547,  Gordon House, Barrow Street, cc@google.com, UNKNOWN, IRL, dne 5.3.2021, částka  15000.00 CZK"
05.03.2021,-20000,Karetní transakce,"","Nákup: FACEBK *3K9BV2PAN2,  Havover Reach, 5-7 Hanover Qua, fb.me/ads, DUBLIN 2, IRL, dne 4.3.2021, částka  20000.00 CZK",,3344,,"Nákup: FACEBK *3K9BV2PAN2,  Havover Reach, 5-7 Hanover Qua, fb.me/ads, DUBLIN 2, IRL, dne 4.3.2021, částka  20000.00 CZK"
03.03.2021,-159720,Bezhotovostní platba,"",pronájem rekl. panelů 9/21,308,330210005,,pronájem rekl. panelů 9/21
03.03.2021,-672276,Bezhotovostní platba,"",pronájem reklamních panelů,308,330210004,,pronájem reklamních panelů
03.03.2021,-3779151.8,Bezhotovostní platba,"",pronájem rekl. panelů 9/21,308,310210010,,pronájem rekl. panelů 9/21
03.03.2021,-1373719.6,Bezhotovostní platba,"",pronájem reklamních panelů,308,310210012,,pronájem reklamních panelů
03.03.2021,-20557,Bezhotovostní platba,"","olomoucký, výlep plakátů",308,102253,,"olomoucký, výlep plakátů"
03.03.2021,-14278,Platba převodem uvnitř banky,"","jihomoravský, billboard",308,182021,,"jihomoravský, billboard"
03.03.2021,-47492.5,Bezhotovostní platba,"","jihomoravský, billboardy",308,2120035,,"jihomoravský, billboardy"
03.03.2021,-5000,Bezhotovostní platba,"",fotografické práce,308,20210004,,fotografické práce
03.03.2021,-4840,Bezhotovostní platba,"","olomoucký, pronájem rekl. plochy",308,2104,,"olomoucký, pronájem rekl. plochy"
03.03.2021,-2904,Bezhotovostní platba,"","olomoucký, pronájem rekl. skříňky",308,2021000009,,"olomoucký, pronájem rekl. skříňky"
03.03.2021,-800,Bezhotovostní platba,"","olomoucký, pronájem vývěsné tabule",308,2021008,,"olomoucký, pronájem vývěsné tabule"
03.03.2021,-9680,Bezhotovostní platba,"","praha, výlep",308,21008,,"praha, výlep"
03.03.2021,-30008,Bezhotovostní platba,"","zlínský, reklamní kampaň",308,202100059,,"zlínský, reklamní kampaň"
03.03.2021,-183920,Bezhotovostní platba,"","plzeňský, pronájem rekl. ploch",308,21110169,,"plzeňský, pronájem rekl. ploch"
03.03.2021,-375,Bezhotovostní platba,"","plzeňský, výlep plakátů",308,8,,"plzeňský, výlep plakátů"
03.03.2021,-18513,Bezhotovostní platba,"","plzeňský, pronájem rekl. ploch",308,21110168,,"plzeňský, pronájem rekl. ploch"
03.03.2021,-18513,Bezhotovostní platba,"","plzeňský, BB polepy",308,21230029,,"plzeňský, BB polepy"
03.03.2021,6500000,Platba převodem uvnitř banky,Svoboda a přímá demokracie (SPD),Převod prostředků z transparentního účtu na volební účet SPD - volby do PS 2021,,,,Převod prostředků z transparentního účtu na volební účet SPD - volby do PS 2021
02.03.2021,-20000,Karetní transakce,"","Nákup: FACEBK *MBS9F23AN2,  Havover Reach, 5-7 Hanover Qua, fb.me/ads, DUBLIN 2, IRL, dne 1.3.2021, částka  20000.00 CZK",,3344,,"Nákup: FACEBK *MBS9F23AN2,  Havover Reach, 5-7 Hanover Qua, fb.me/ads, DUBLIN 2, IRL, dne 1.3.2021, částka  20000.00 CZK"
26.02.2021,-20000,Karetní transakce,"","Nákup: FACEBK *5VJ4D37AN2,  Havover Reach, 5-7 Hanover Qua, fb.me/ads, DUBLIN 2, IRL, dne 25.2.2021, částka  20000.00 CZK",,3344,,"Nákup: FACEBK *5VJ4D37AN2,  Havover Reach, 5-7 Hanover Qua, fb.me/ads, DUBLIN 2, IRL, dne 25.2.2021, částka  20000.00 CZK"
23.02.2021,-15000,Karetní transakce,"","Nákup: GOOGLE *ADS1004003547,  Gordon House, Barrow Street, cc@google.com, UNKNOWN, IRL, dne 22.2.2021, částka  15000.00 CZK",,3344,,"Nákup: GOOGLE *ADS1004003547,  Gordon House, Barrow Street, cc@google.com, UNKNOWN, IRL, dne 22.2.2021, částka  15000.00 CZK"
23.02.2021,-20000,Karetní transakce,"","Nákup: FACEBK *FM3AZ2T9N2,  Havover Reach, 5-7 Hanover Qua, fb.me/ads, DUBLIN 2, IRL, dne 22.2.2021, částka  20000.00 CZK",,3344,,"Nákup: FACEBK *FM3AZ2T9N2,  Havover Reach, 5-7 Hanover Qua, fb.me/ads, DUBLIN 2, IRL, dne 22.2.2021, částka  20000.00 CZK"
20.02.2021,-6844.25,Karetní transakce,"","Nákup: FACEBK *MU9N737AN2,  Havover Reach, 5-7 Hanover Qua, fb.me/ads, DUBLIN 2, IRL, dne 20.2.2021, částka  6844.25 CZK",,3344,,"Nákup: FACEBK *MU9N737AN2,  Havover Reach, 5-7 Hanover Qua, fb.me/ads, DUBLIN 2, IRL, dne 20.2.2021, částka  6844.25 CZK"
20.02.2021,-20000,Karetní transakce,"","Nákup: FACEBK *E94M64TAN2,  Havover Reach, 5-7 Hanover Qua, fb.me/ads, DUBLIN 2, IRL, dne 19.2.2021, částka  20000.00 CZK",,3344,,"Nákup: FACEBK *E94M64TAN2,  Havover Reach, 5-7 Hanover Qua, fb.me/ads, DUBLIN 2, IRL, dne 19.2.2021, částka  20000.00 CZK"
17.02.2021,-1650900.4,Bezhotovostní platba,"",pronájem reklamních ploch 6/21,308,310210011,,pronájem reklamních ploch 6/21
17.02.2021,-1049826.2,Bezhotovostní platba,"",pronájem reklamních ploch 5/21,308,310210013,,pronájem reklamních ploch 5/21
17.02.2021,-133100,Bezhotovostní platba,"","plakáty, instalace",308,4212100274,,"plakáty, instalace"
17.02.2021,-47916,Bezhotovostní platba,"",plakáty,308,4212100269,,plakáty
17.02.2021,-18000,Bezhotovostní platba,"",fotoportréty na billboardy,308,2021002,,fotoportréty na billboardy
17.02.2021,-50003.25,Bezhotovostní platba,"",plakáty,308,210095,,plakáty
17.02.2021,-49065.5,Bezhotovostní platba,"",plakáty,308,210061,,plakáty
17.02.2021,3e+06,Platba převodem uvnitř banky,Svoboda a přímá demokracie (SPD),Převod prostředků z transparentního účtu na volební účet SPD - volby do PS 2021,,,,Převod prostředků z transparentního účtu na volební účet SPD - volby do PS 2021
17.02.2021,-20000,Karetní transakce,"","Nákup: FACEBK *LPSB22P9N2,  Havover Reach, 5-7 Hanover Qua, fb.me/ads, DUBLIN 2, IRL, dne 16.2.2021, částka  20000.00 CZK",,3344,,"Nákup: FACEBK *LPSB22P9N2,  Havover Reach, 5-7 Hanover Qua, fb.me/ads, DUBLIN 2, IRL, dne 16.2.2021, částka  20000.00 CZK"
16.02.2021,-847.95,Karetní transakce,"","Nákup: SWITCHER ESSENTIALS,  1205 E Washington StSuite 117, LOUISVILLE, 40206, USA, dne 16.2.2021, částka  39.00 USD",,3344,,"Nákup: SWITCHER ESSENTIALS,  1205 E Washington StSuite 117, LOUISVILLE, 40206, USA, dne 16.2.2021, částka  39.00 USD"
15.02.2021,-15000,Karetní transakce,"","Nákup: GOOGLE *ADS1004003547,  Gordon House, Barrow Street, cc@google.com, UNKNOWN, IRL, dne 13.2.2021, částka  15000.00 CZK",,3344,,"Nákup: GOOGLE *ADS1004003547,  Gordon House, Barrow Street, cc@google.com, UNKNOWN, IRL, dne 13.2.2021, částka  15000.00 CZK"
15.02.2021,-20000,Karetní transakce,"","Nákup: FACEBK *2ZJVC2PAN2,  Havover Reach, 5-7 Hanover Qua, fb.me/ads, DUBLIN 2, IRL, dne 13.2.2021, částka  20000.00 CZK",,3344,,"Nákup: FACEBK *2ZJVC2PAN2,  Havover Reach, 5-7 Hanover Qua, fb.me/ads, DUBLIN 2, IRL, dne 13.2.2021, částka  20000.00 CZK"
10.02.2021,-178415,Bezhotovostní platba,"",poradenské služby v marketingu,308,2021001,,poradenské služby v marketingu
10.02.2021,-695750,Bezhotovostní platba,"",mediální a on-line kampaň,308,21217005,,mediální a on-line kampaň
10.02.2021,-14867,Bezhotovostní platba,"","liberecký, výlepní plochy",308,102236,,"liberecký, výlepní plochy"
10.02.2021,-127050,Bezhotovostní platba,"","olomoucký, výlepní plochy BB",308,22021,,"olomoucký, výlepní plochy BB"
10.02.2021,-65920.8,Bezhotovostní platba,"","olomoucký, reklama MHD",308,42021,,"olomoucký, reklama MHD"
10.02.2021,-14913,Bezhotovostní platba,"","jihomoravský, prezentace v médiích",308,2021004,,"jihomoravský, prezentace v médiích"
10.02.2021,5e+05,Platba převodem uvnitř banky,Svoboda a přímá demokracie (SPD),Převod prostředků z transparentního účtu na volební účet SPD - volby do PS 2021,,,,Převod prostředků z transparentního účtu na volební účet SPD - volby do PS 2021
08.02.2021,-20000,Karetní transakce,"","Nákup: FACEBK *KKTXUZ2AN2,  Havover Reach, 5-7 Hanover Qua, fb.me/ads, DUBLIN 2, IRL, dne 7.2.2021, částka  20000.00 CZK",,3344,,"Nákup: FACEBK *KKTXUZ2AN2,  Havover Reach, 5-7 Hanover Qua, fb.me/ads, DUBLIN 2, IRL, dne 7.2.2021, částka  20000.00 CZK"
04.02.2021,-178415,Bezhotovostní platba,"",poradenské služby v marketingu,,2021003,,poradenské služby v marketingu
04.02.2021,-20000,Karetní transakce,"","Nákup: FACEBK *7R49H3X9N2,  Havover Reach, 5-7 Hanover Qua, fb.me/ads, DUBLIN 2, IRL, dne 3.2.2021, částka  20000.00 CZK",,3344,,"Nákup: FACEBK *7R49H3X9N2,  Havover Reach, 5-7 Hanover Qua, fb.me/ads, DUBLIN 2, IRL, dne 3.2.2021, částka  20000.00 CZK"
01.02.2021,-20090.47,Karetní transakce,"","Nákup: FACEBK *SJTG22PAN2,  Havover Reach, 5-7 Hanover Qua, fb.me/ads, DUBLIN 2, IRL, dne 30.1.2021, částka  20090.47 CZK",,3344,,"Nákup: FACEBK *SJTG22PAN2,  Havover Reach, 5-7 Hanover Qua, fb.me/ads, DUBLIN 2, IRL, dne 30.1.2021, částka  20090.47 CZK"
28.01.2021,-1210,Bezhotovostní platba,"","zlínský, pronájem reklamní vitríny",308,12150037,,"zlínský, pronájem reklamní vitríny"
28.01.2021,-63869.85,Bezhotovostní platba,"","zlínský, pronájem rekl. panelů",308,4202100315,,"zlínský, pronájem rekl. panelů"
28.01.2021,-36408.9,Bezhotovostní platba,"","karlovarský, billboardy",308,4202100314,,"karlovarský, billboardy"
28.01.2021,-39556.11,Bezhotovostní platba,"","vysočina, pronájem rekl. panelů",308,4202100313,,"vysočina, pronájem rekl. panelů"
28.01.2021,-20081.2,Karetní transakce,"","Nákup: FACEBK *MYN8W3FAN2,  Havover Reach, 5-7 Hanover Qua, fb.me/ads, DUBLIN 2, IRL, dne 27.1.2021, částka  20081.20 CZK",,3344,,"Nákup: FACEBK *MYN8W3FAN2,  Havover Reach, 5-7 Hanover Qua, fb.me/ads, DUBLIN 2, IRL, dne 27.1.2021, částka  20081.20 CZK"
27.01.2021,-15000,Karetní transakce,"","Nákup: GOOGLE *ADS1004003547,  Gordon House, Barrow Street, cc@google.com, UNKNOWN, IRL, dne 26.1.2021, částka  15000.00 CZK",,3344,,"Nákup: GOOGLE *ADS1004003547,  Gordon House, Barrow Street, cc@google.com, UNKNOWN, IRL, dne 26.1.2021, částka  15000.00 CZK"
20.01.2021,-726,Bezhotovostní platba,"",Olomoucký - pronájem rekl. plochy,308,1035000018,,Olomoucký - pronájem rekl. plochy
20.01.2021,-1486727,Bezhotovostní platba,"",pronájem reklamních panelů,308,310210001,,pronájem reklamních panelů
20.01.2021,3e+06,Platba převodem uvnitř banky,Svoboda a přímá demokracie (SPD),Převod prostředků z transparentního účtu na volební účet SPD - volby do PS 2021,,,,Převod prostředků z transparentního účtu na volební účet SPD - volby do PS 2021
